'date','station','tair','twet','rh','tdew'
'2012-01-01 12:00:00',22719,21,'''"17.8"''','''"72"''','''"15.8"'''
'2012-01-02 12:00:00',22719,19.1,'''"16.7"''','''"77"''','''"15"'''
'2012-01-03 12:00:00',22719,21.2,'''"17.1"''','''"64"''','''"14.1"'''
'2012-01-04 12:00:00',22719,21,'''"18.4"''','''"77"''','''"16.8"'''
'2012-01-05 12:00:00',22719,22.7,'''"18.1"''','''"62"''','''"15.1"'''
'2012-01-06 12:00:00',22719,22.9,'''"18.8"''','''"66"''','''"16.2"'''
'2012-01-07 12:00:00',22719,17.6,'''"16.8"''','''"92"''','''"16.3"'''
'2012-01-08 12:00:00',22719,17.6,'''"16.6"''','''"90"''','''"16"'''
'2012-01-09 12:00:00',22719,21.7,'''"18.2"''','''"70"''','''"16"'''
'2012-01-10 12:00:00',22719,19.8,'''"17.3"''','''"77"''','''"15.7"'''
'2012-01-11 12:00:00',22719,22.7,'''"17.9"''','''"60"''','''"14.6"'''
'2012-01-12 12:00:00',22719,21.5,'''"17.6"''','''"66"''','''"14.9"'''
'2012-01-13 12:00:00',22719,21.1,'''"16.1"''','''"57"''','''"12.3"'''
'2012-01-14 12:00:00',22719,20.5,'''"17.2"''','''"70"''','''"14.8"'''
'2012-01-15 12:00:00',22719,22.6,'''"18.2"''','''"63"''','''"15.2"'''
'2012-01-16 12:00:00',22719,20.6,'''"15.5"''','''"56"''','''"11.5"'''
'2012-01-17 12:00:00',22719,18.8,'''"16.8"''','''"81"''','''"15.5"'''
'2012-01-18 12:00:00',22719,22.7,'''"16.9"''','''"53"''','''"12.7"'''
'2012-01-19 12:00:00',22719,22.6,'''"16.6"''','''"51"''','''"12"'''
'2012-01-20 12:00:00',22719,22.1,'''"18.9"''','''"72"''','''"16.8"'''
'2012-01-21 12:00:00',22719,20.7,'''"17"''','''"67"''','''"14.4"'''
'2012-01-22 12:00:00',22719,18.6,'''"17.4"''','''"88"''','''"16.6"'''
'2012-01-23 12:00:00',22719,18.5,'''"12.2"''','''"43"''','''"5.7"'''
'2012-01-24 12:00:00',22719,20.4,'''"14.5"''','''"49"''','''"9.4"'''
'2012-01-25 12:00:00',22719,21,'''"16.6"''','''"62"''','''"13.5"'''
'2012-01-26 12:00:00',22719,21.8,'''"16.2"''','''"53"''','''"11.8"'''
'2012-01-27 12:00:00',22719,17.7,'''"16.8"''','''"91"''','''"16.2"'''
'2012-01-28 12:00:00',22719,19.1,'''"14.6"''','''"59"''','''"10.9"'''
'2012-01-29 12:00:00',22719,19.3,'''"15.7"''','''"67"''','''"13"'''
'2012-01-30 12:00:00',22719,23.6,'''"18.6"''','''"60"''','''"15.4"'''
'2012-01-31 12:00:00',22719,23.4,'''"18.6"''','''"61"''','''"15.5"'''
'2012-02-01 12:00:00',22719,21.9,'''"18.8"''','''"73"''','''"16.9"'''
'2012-02-02 12:00:00',22719,21.6,'''"19.7"''','''"83"''','''"18.6"'''
'2012-02-03 12:00:00',22719,20.3,'''"16.7"''','''"68"''','''"14.2"'''
'2012-02-04 12:00:00',22719,21.2,'''"16.2"''','''"57"''','''"12.4"'''
'2012-02-05 12:00:00',22719,21.2,'''"15.5"''','''"52"''','''"11"'''
'2012-02-06 12:00:00',22719,21.2,'''"16"''','''"56"''','''"12.1"'''
'2012-02-07 12:00:00',22719,20.6,'''"16.2"''','''"61"''','''"12.8"'''
'2012-02-08 12:00:00',22719,21.6,'''"17.9"''','''"68"''','''"15.5"'''
'2012-02-09 12:00:00',22719,24.2,'''"18.7"''','''"57"''','''"15.2"'''
'2012-02-10 12:00:00',22719,22.6,'''"18.5"''','''"66"''','''"15.9"'''
'2012-02-11 12:00:00',22719,21.9,'''"18.7"''','''"72"''','''"16.6"'''
'2012-02-12 12:00:00',22719,20.8,'''"18"''','''"75"''','''"16.2"'''
'2012-02-13 12:00:00',22719,22.9,'''"19.3"''','''"70"''','''"17.1"'''
'2012-02-14 12:00:00',22719,22.3,'''"19.4"''','''"75"''','''"17.7"'''
'2012-02-15 12:00:00',22719,20,'''"18.5"''','''"86"''','''"17.6"'''
'2012-02-16 12:00:00',22719,23.6,'''"18.9"''','''"62"''','''"15.9"'''
'2012-02-17 12:00:00',22719,20.6,'''"18.3"''','''"79"''','''"16.8"'''
'2012-02-18 12:00:00',22719,23.6,'''"19.2"''','''"64"''','''"16.4"'''
'2012-02-19 12:00:00',22719,23,'''"18.5"''','''"63"''','''"15.6"'''
'2012-02-20 12:00:00',22719,23.1,'''"17.7"''','''"56"''','''"13.9"'''
'2012-02-21 12:00:00',22719,23.9,'''"19.7"''','''"66"''','''"17.2"'''
'2012-02-22 12:00:00',22719,20.6,'''"19.9"''','''"93"''','''"19.4"'''
'2012-02-23 12:00:00',22719,20.3,'''"19.6"''','''"93"''','''"19.1"'''
'2012-02-24 12:00:00',22719,21.4,'''"17.2"''','''"64"''','''"14.3"'''
'2012-02-25 12:00:00',22719,18.9,'''"15"''','''"64"''','''"12"'''
'2012-02-26 12:00:00',22719,20.8,'''"15.6"''','''"55"''','''"11.5"'''
'2012-02-27 12:00:00',22719,22.3,'''"16.7"''','''"54"''','''"12.6"'''
'2012-02-28 12:00:00',22719,21,'''"15.5"''','''"53"''','''"11.1"'''
'2012-02-29 12:00:00',22719,20.2,'''"17.4"''','''"74"''','''"15.4"'''
'2012-03-01 12:00:00',22719,19.4,'''"14.5"''','''"56"''','''"10.4"'''
'2012-03-02 12:00:00',22719,20.5,'''"15.5"''','''"56"''','''"11.4"'''
'2012-03-03 12:00:00',22719,17.7,'''"14.8"''','''"72"''','''"12.6"'''
'2012-03-04 12:00:00',22719,19.3,'''"13.5"''','''"48"''','''"8"'''
'2012-03-05 12:00:00',22719,20.6,'''"15.2"''','''"53"''','''"10.7"'''
'2012-03-06 12:00:00',22719,19.6,'''"15.4"''','''"62"''','''"12.1"'''
'2012-03-07 12:00:00',22719,22.2,'''"17"''','''"57"''','''"13.3"'''
'2012-03-08 12:00:00',22719,20.1,'''"15.6"''','''"60"''','''"12.1"'''
'2012-03-09 12:00:00',22719,20.8,'''"14.9"''','''"50"''','''"10"'''
'2012-03-10 12:00:00',22719,20.1,'''"16.3"''','''"66"''','''"13.6"'''
'2012-03-11 12:00:00',22719,19.9,'''"18.7"''','''"89"''','''"18"'''
'2012-03-12 12:00:00',22719,17.8,'''"15.5"''','''"77"''','''"13.7"'''
'2012-03-13 12:00:00',22719,20.1,'''"16.1"''','''"64"''','''"13.1"'''
'2012-03-14 12:00:00',22719,20.6,'''"16"''','''"60"''','''"12.6"'''
'2012-03-15 12:00:00',22719,21,'''"16"''','''"57"''','''"12.2"'''
'2012-03-16 12:00:00',22719,20,'''"14.9"''','''"55"''','''"10.7"'''
'2012-03-17 12:00:00',22719,20.8,'''"16.3"''','''"61"''','''"13"'''
'2012-03-18 12:00:00',22719,20.1,'''"17.7"''','''"78"''','''"16.1"'''
'2012-03-19 12:00:00',22719,15.7,'''"14.5"''','''"87"''','''"13.6"'''
'2012-03-20 12:00:00',22719,22.3,'''"18.5"''','''"68"''','''"16.1"'''
'2012-03-21 12:00:00',22719,20.9,'''"18.1"''','''"75"''','''"16.3"'''
'2012-03-22 12:00:00',22719,21.8,'''"18.7"''','''"73"''','''"16.8"'''
'2012-03-23 12:00:00',22719,21.1,'''"17.9"''','''"72"''','''"15.9"'''
'2012-03-24 12:00:00',22719,21.6,'''"18.9"''','''"76"''','''"17.2"'''
'2012-03-25 12:00:00',22719,19.8,'''"16.2"''','''"67"''','''"13.5"'''
'2012-03-26 12:00:00',22719,18.4,'''"13.3"''','''"53"''','''"8.7"'''
'2012-03-27 12:00:00',22719,20.4,'''"16.8"''','''"68"''','''"14.3"'''
'2012-03-28 12:00:00',22719,19.7,'''"16"''','''"66"''','''"13.2"'''
'2012-03-29 12:00:00',22719,20.8,'''"15.2"''','''"52"''','''"10.6"'''
'2012-03-30 12:00:00',22719,18.8,'''"15.7"''','''"71"''','''"13.4"'''
'2012-03-31 12:00:00',22719,21.9,'''"16.4"''','''"54"''','''"12.2"'''
'2012-04-01 12:00:00',22719,21.2,'''"16.7"''','''"61"''','''"13.4"'''
'2012-04-02 12:00:00',22719,20.2,'''"17.1"''','''"72"''','''"15"'''
'2012-04-03 12:00:00',22719,21.9,'''"16.8"''','''"57"''','''"13"'''
'2012-04-04 12:00:00',22719,24.5,'''"17.7"''','''"48"''','''"12.8"'''
'2012-04-05 12:00:00',22719,23.5,'''"17.6"''','''"53"''','''"13.4"'''
'2012-04-06 12:00:00',22719,21.8,'''"15.2"''','''"46"''','''"9.7"'''
'2012-04-07 12:00:00',22719,20.9,'''"14.9"''','''"49"''','''"9.8"'''
'2012-04-08 12:00:00',22719,19.4,'''"15.1"''','''"61"''','''"11.7"'''
'2012-04-09 12:00:00',22719,19.6,'''"15.4"''','''"62"''','''"12.1"'''
'2012-04-10 12:00:00',22719,20.3,'''"17"''','''"70"''','''"14.7"'''
'2012-04-11 12:00:00',22719,19.1,'''"15.6"''','''"67"''','''"12.8"'''
'2012-04-12 12:00:00',22719,20.1,'''"17.7"''','''"78"''','''"16.1"'''
'2012-04-13 12:00:00',22719,18.6,'''"16"''','''"75"''','''"14.1"'''
'2012-04-14 12:00:00',22719,19.5,'''"16.6"''','''"73"''','''"14.5"'''
'2012-04-15 12:00:00',22719,18.8,'''"16.1"''','''"74"''','''"14.1"'''
'2012-04-16 12:00:00',22719,21.2,'''"17.5"''','''"68"''','''"15.1"'''
'2012-04-17 12:00:00',22719,18.4,'''"15.3"''','''"70"''','''"12.9"'''
'2012-04-18 12:00:00',22719,20.1,'''"15.2"''','''"57"''','''"11.3"'''
'2012-04-19 12:00:00',22719,18.4,'''"13.1"''','''"51"''','''"8.1"'''
'2012-04-20 12:00:00',22719,19.8,'''"13.6"''','''"46"''','''"7.9"'''
'2012-04-21 12:00:00',22719,19,'''"15.1"''','''"64"''','''"12"'''
'2012-04-22 12:00:00',22719,19.2,'''"15.5"''','''"66"''','''"12.7"'''
'2012-04-23 12:00:00',22719,20.5,'''"14.9"''','''"52"''','''"10.3"'''
'2012-04-24 12:00:00',22719,20.9,'''"13.7"''','''"40"''','''"6.8"'''
'2012-04-25 12:00:00',22719,21.2,'''"15.4"''','''"51"''','''"10.7"'''
'2012-04-26 12:00:00',22719,19.8,'''"16.2"''','''"67"''','''"13.5"'''
'2012-04-27 12:00:00',22719,22.9,'''"17.9"''','''"59"''','''"14.5"'''
'2012-04-28 12:00:00',22719,17.7,'''"14.4"''','''"68"''','''"11.7"'''
'2012-04-29 12:00:00',22719,17.5,'''"14.2"''','''"68"''','''"11.5"'''
'2012-04-30 12:00:00',22719,16.9,'''"12.8"''','''"60"''','''"9.1"'''
'2012-05-01 12:00:00',22719,16.1,'''"13.5"''','''"73"''','''"11.3"'''
'2012-05-02 12:00:00',22719,16.5,'''"9.7"''','''"35"''','''"1"'''
'2012-05-03 12:00:00',22719,16.3,'''"10.8"''','''"46"''','''"4.7"'''
'2012-05-04 12:00:00',22719,17.3,'''"13.4"''','''"62"''','''"10"'''
'2012-05-05 12:00:00',22719,19.1,'''"14.3"''','''"56"''','''"10.1"'''
'2012-05-06 12:00:00',22719,19.4,'''"13.5"''','''"48"''','''"8.1"'''
'2012-05-07 12:00:00',22719,16.6,'''"13.8"''','''"72"''','''"11.6"'''
'2012-05-08 12:00:00',22719,18.5,'''"15.5"''','''"71"''','''"13.2"'''
'2012-05-09 12:00:00',22719,17.1,'''"16.4"''','''"93"''','''"16"'''
'2012-05-10 12:00:00',22719,19.2,'''"17.7"''','''"86"''','''"16.8"'''
'2012-05-11 12:00:00',22719,16.8,'''"13.8"''','''"70"''','''"11.3"'''
'2012-05-12 12:00:00',22719,18.8,'''"14.2"''','''"58"''','''"10.4"'''
'2012-05-13 12:00:00',22719,18.8,'''"16.3"''','''"76"''','''"14.5"'''
'2012-05-14 12:00:00',22719,17.2,'''"15.4"''','''"82"''','''"14.1"'''
'2012-05-15 12:00:00',22719,16.3,'''"13.7"''','''"73"''','''"11.5"'''
'2012-05-16 12:00:00',22719,15.7,'''"13.1"''','''"73"''','''"10.9"'''
'2012-05-17 12:00:00',22719,16.8,'''"14.3"''','''"75"''','''"12.4"'''
'2012-05-18 12:00:00',22719,16.6,'''"14.2"''','''"75"''','''"12.2"'''
'2012-05-19 12:00:00',22719,15.3,'''"12.2"''','''"67"''','''"9.2"'''
'2012-05-20 12:00:00',22719,15.6,'''"11.9"''','''"62"''','''"8.4"'''
'2012-05-21 12:00:00',22719,17.2,'''"13.6"''','''"65"''','''"10.6"'''
'2012-05-23 12:00:00',22719,15.6,'''"12.6"''','''"69"''','''"10"'''
'2012-05-24 12:00:00',22719,15.3,'''"12.9"''','''"74"''','''"10.7"'''
'2012-05-25 12:00:00',22719,15.3,'''"13.2"''','''"78"''','''"11.5"'''
'2012-05-26 12:00:00',22719,14.4,'''"13.6"''','''"91"''','''"13"'''
'2012-05-27 12:00:00',22719,16.4,'''"13.7"''','''"72"''','''"11.4"'''
'2012-05-28 12:00:00',22719,15.2,'''"14.1"''','''"88"''','''"13.2"'''
'2012-05-29 12:00:00',22719,14.2,'''"9.6"''','''"51"''','''"4.2"'''
'2012-05-30 12:00:00',22719,13.5,'''"9.6"''','''"57"''','''"5.2"'''
'2012-05-31 12:00:00',22719,15.4,'''"12.1"''','''"66"''','''"9.1"'''
'2012-06-01 12:00:00',22719,13.6,'''"9.4"''','''"54"''','''"4.5"'''
'2012-06-02 12:00:00',22719,14.8,'''"12.3"''','''"73"''','''"10"'''
'2012-06-03 12:00:00',22719,14.7,'''"12.1"''','''"72"''','''"9.7"'''
'2012-06-04 12:00:00',22719,15,'''"13.3"''','''"82"''','''"12"'''
'2012-06-05 12:00:00',22719,14.6,'''"12.9"''','''"81"''','''"11.4"'''
'2012-06-06 12:00:00',22719,17.6,'''"15.5"''','''"79"''','''"13.9"'''
'2012-06-07 12:00:00',22719,12.5,'''"11.1"''','''"83"''','''"9.7"'''
'2012-06-08 12:00:00',22719,13,'''"11.2"''','''"79"''','''"9.5"'''
'2012-06-09 12:00:00',22719,15.2,'''"12.8"''','''"74"''','''"10.6"'''
'2012-06-10 12:00:00',22719,14.5,'''"11.6"''','''"69"''','''"8.9"'''
'2012-06-11 12:00:00',22719,13.6,'''"12.4"''','''"86"''','''"11.3"'''
'2012-06-12 12:00:00',22719,14.4,'''"11"''','''"63"''','''"7.5"'''
'2012-06-13 12:00:00',22719,10.9,'''"7"''','''"53"''','''"1.7"'''
'2012-06-14 12:00:00',22719,12,'''"9.6"''','''"72"''','''"7.1"'''
'2012-06-15 12:00:00',22719,9.7,'''"8.6"''','''"85"''','''"7.3"'''
'2012-06-16 12:00:00',22719,10.9,'''"8.1"''','''"66"''','''"4.8"'''
'2012-06-17 12:00:00',22719,10.4,'''"6.9"''','''"57"''','''"2.3"'''
'2012-06-18 12:00:00',22719,13.2,'''"11.7"''','''"83"''','''"10.4"'''
'2012-06-19 12:00:00',22719,13.6,'''"12"''','''"82"''','''"10.6"'''
'2012-06-20 12:00:00',22719,15.8,'''"13.5"''','''"76"''','''"11.6"'''
'2012-06-21 12:00:00',22719,13,'''"11"''','''"77"''','''"9.1"'''
'2012-06-22 12:00:00',22719,14,'''"11.9"''','''"77"''','''"10.1"'''
'2012-06-23 12:00:00',22719,14.4,'''"11.9"''','''"73"''','''"9.6"'''
'2012-06-24 12:00:00',22719,14.3,'''"12.2"''','''"77"''','''"10.3"'''
'2012-06-25 12:00:00',22719,14.6,'''"11.4"''','''"66"''','''"8.3"'''
'2012-06-26 12:00:00',22719,13,'''"11.6"''','''"84"''','''"10.4"'''
'2012-06-27 12:00:00',22719,10.9,'''"8.7"''','''"73"''','''"6.3"'''
'2012-06-28 12:00:00',22719,14.2,'''"10.9"''','''"64"''','''"7.5"'''
'2012-06-29 12:00:00',22719,13.4,'''"10.4"''','''"66"''','''"7.2"'''
'2012-06-30 12:00:00',22719,8,'''"5.5"''','''"66"''','''"2.1"'''
'2012-07-01 12:00:00',22719,12.3,'''"9"''','''"62"''','''"5.2"'''
'2012-07-02 12:00:00',22719,11.1,'''"8.4"''','''"67"''','''"5.2"'''
'2012-07-03 12:00:00',22719,12.6,'''"10.7"''','''"78"''','''"8.9"'''
'2012-07-04 12:00:00',22719,13.8,'''"12.8"''','''"88"''','''"11.9"'''
'2012-07-05 12:00:00',22719,9,'''"8.7"''','''"96"''','''"8.4"'''
'2012-07-06 12:00:00',22719,10.6,'''"9.7"''','''"88"''','''"8.7"'''
'2012-07-07 12:00:00',22719,11.7,'''"9"''','''"68"''','''"6"'''
'2012-07-08 12:00:00',22719,10.4,'''"7.8"''','''"67"''','''"4.6"'''
'2012-07-09 12:00:00',22719,10.9,'''"8.8"''','''"74"''','''"6.5"'''
'2012-07-10 12:00:00',22719,10.9,'''"8.6"''','''"72"''','''"6.1"'''
'2012-07-11 12:00:00',22719,10.8,'''"9.7"''','''"86"''','''"8.6"'''
'2012-07-12 12:00:00',22719,13.2,'''"9.1"''','''"54"''','''"4.1"'''
'2012-07-13 12:00:00',22719,13.8,'''"9.2"''','''"50"''','''"3.6"'''
'2012-07-14 12:00:00',22719,15.3,'''"11.4"''','''"60"''','''"7.6"'''
'2012-07-15 12:00:00',22719,14.2,'''"13.1"''','''"88"''','''"12.3"'''
'2012-07-16 12:00:00',22719,14.8,'''"14.2"''','''"93"''','''"13.7"'''
'2012-07-17 12:00:00',22719,14,'''"11.2"''','''"69"''','''"8.4"'''
'2012-07-18 12:00:00',22719,13.2,'''"10.5"''','''"69"''','''"7.6"'''
'2012-07-19 12:00:00',22719,9.4,'''"9"''','''"94"''','''"8.5"'''
'2012-07-20 12:00:00',22719,15.8,'''"11.9"''','''"60"''','''"8.1"'''
'2012-07-21 12:00:00',22719,15,'''"11.2"''','''"60"''','''"7.3"'''
'2012-07-22 12:00:00',22719,13.8,'''"13"''','''"91"''','''"12.4"'''
'2012-07-23 12:00:00',22719,16.2,'''"15.3"''','''"90"''','''"14.6"'''
'2012-07-24 12:00:00',22719,14.8,'''"14.2"''','''"93"''','''"13.7"'''
'2012-07-25 12:00:00',22719,15.2,'''"14"''','''"87"''','''"13.1"'''
'2012-07-26 12:00:00',22719,14.3,'''"10.4"''','''"58"''','''"6.2"'''
'2012-07-27 12:00:00',22719,12.6,'''"8.8"''','''"57"''','''"4.3"'''
'2012-07-28 12:00:00',22719,13.6,'''"10.1"''','''"61"''','''"6.3"'''
'2012-07-29 12:00:00',22719,13.4,'''"11.4"''','''"77"''','''"9.5"'''
'2012-07-30 12:00:00',22719,14,'''"12.6"''','''"84"''','''"11.4"'''
'2012-07-31 12:00:00',22719,12,'''"9.7"''','''"73"''','''"7.3"'''
'2012-08-01 12:00:00',22719,14.3,'''"11.7"''','''"71"''','''"9.1"'''
'2012-08-02 12:00:00',22719,13.8,'''"11.8"''','''"78"''','''"10"'''
'2012-08-03 12:00:00',22719,15.4,'''"12"''','''"65"''','''"8.9"'''
'2012-08-04 12:00:00',22719,16.2,'''"12.5"''','''"63"''','''"9.2"'''
'2012-08-05 12:00:00',22719,13.4,'''"11.3"''','''"76"''','''"9.3"'''
'2012-08-06 12:00:00',22719,16.1,'''"13"''','''"68"''','''"10.2"'''
'2012-08-07 12:00:00',22719,14.4,'''"12"''','''"74"''','''"9.8"'''
'2012-08-08 12:00:00',22719,9.8,'''"8.7"''','''"85"''','''"7.4"'''
'2012-08-09 12:00:00',22719,13.6,'''"10.5"''','''"65"''','''"7.2"'''
'2012-08-10 12:00:00',22719,15.9,'''"11.5"''','''"56"''','''"7.2"'''
'2012-08-11 12:00:00',22719,15.2,'''"12.3"''','''"69"''','''"9.6"'''
'2012-08-12 12:00:00',22719,15,'''"13.3"''','''"82"''','''"12"'''
'2012-08-13 12:00:00',22719,17.4,'''"13.7"''','''"64"''','''"10.5"'''
'2012-08-14 12:00:00',22719,14.3,'''"11.8"''','''"73"''','''"9.5"'''
'2012-08-15 12:00:00',22719,15.8,'''"12.5"''','''"66"''','''"9.5"'''
'2012-08-16 12:00:00',22719,15,'''"12.2"''','''"70"''','''"9.6"'''
'2012-08-17 12:00:00',22719,14.3,'''"11.4"''','''"68"''','''"8.5"'''
'2012-08-18 12:00:00',22719,16.9,'''"13.8"''','''"69"''','''"11.2"'''
'2012-08-19 12:00:00',22719,15.2,'''"13.2"''','''"78"''','''"11.4"'''
'2012-08-20 12:00:00',22719,15.9,'''"12.9"''','''"69"''','''"10.2"'''
'2012-08-21 12:00:00',22719,13.9,'''"11.8"''','''"77"''','''"9.9"'''
'2012-08-22 12:00:00',22719,15.6,'''"12"''','''"63"''','''"8.6"'''
'2012-08-23 12:00:00',22719,14.4,'''"11.6"''','''"70"''','''"9"'''
'2012-08-24 12:00:00',22719,15.2,'''"11.3"''','''"59"''','''"7.3"'''
'2012-08-25 12:00:00',22719,15,'''"11.1"''','''"59"''','''"7.1"'''
'2012-08-26 12:00:00',22719,15.2,'''"11.4"''','''"60"''','''"7.5"'''
'2012-08-27 12:00:00',22719,17.1,'''"14.2"''','''"71"''','''"11.8"'''
'2012-08-28 12:00:00',22719,15.1,'''"11.5"''','''"62"''','''"7.9"'''
'2012-08-29 12:00:00',22719,15.2,'''"11.2"''','''"58"''','''"7"'''
'2012-08-30 12:00:00',22719,12.5,'''"9.5"''','''"65"''','''"6.1"'''
'2012-08-31 12:00:00',22719,16.6,'''"11.6"''','''"51"''','''"6.5"'''
'2012-09-01 12:00:00',22719,13.6,'''"9.1"''','''"51"''','''"3.7"'''
'2012-09-02 12:00:00',22719,14.7,'''"10.7"''','''"58"''','''"6.5"'''
'2012-09-03 12:00:00',22719,12.7,'''"12.2"''','''"94"''','''"11.8"'''
'2012-09-04 12:00:00',22719,14.3,'''"11.4"''','''"68"''','''"8.5"'''
'2012-09-05 12:00:00',22719,14.3,'''"11.3"''','''"67"''','''"8.3"'''
'2012-09-06 12:00:00',22719,16.4,'''"13.8"''','''"73"''','''"11.6"'''
'2012-09-07 12:00:00',22719,16.1,'''"12.6"''','''"64"''','''"9.3"'''
'2012-09-08 12:00:00',22719,17.1,'''"12.8"''','''"58"''','''"8.8"'''
'2012-09-09 12:00:00',22719,16.5,'''"13"''','''"65"''','''"9.9"'''
'2012-09-10 12:00:00',22719,14.4,'''"11.9"''','''"73"''','''"9.6"'''
'2012-09-11 12:00:00',22719,15.6,'''"12"''','''"63"''','''"8.6"'''
'2012-09-12 12:00:00',22719,10.9,'''"6.7"''','''"49"''','''"0.6"'''
'2012-09-13 12:00:00',22719,12.6,'''"7.7"''','''"45"''','''"1"'''
'2012-09-14 12:00:00',22719,14.8,'''"10"''','''"50"''','''"4.5"'''
'2012-09-15 12:00:00',22719,13.4,'''"10.9"''','''"72"''','''"8.5"'''
'2012-09-16 12:00:00',22719,13.3,'''"11.9"''','''"84"''','''"10.7"'''
'2012-09-17 12:00:00',22719,15,'''"13"''','''"78"''','''"11.2"'''
'2012-09-18 12:00:00',22719,14.5,'''"10.4"''','''"56"''','''"5.9"'''
'2012-09-19 12:00:00',22719,13.1,'''"10.5"''','''"70"''','''"7.8"'''
'2012-09-20 12:00:00',22719,15,'''"11.1"''','''"59"''','''"7.1"'''
'2012-09-21 12:00:00',22719,14.4,'''"10.6"''','''"59"''','''"6.5"'''
'2012-09-22 12:00:00',22719,14.3,'''"9.3"''','''"47"''','''"3.2"'''
'2012-09-23 12:00:00',22719,13.6,'''"10.9"''','''"70"''','''"8.3"'''
'2012-09-24 12:00:00',22719,14.4,'''"10.5"''','''"58"''','''"6.3"'''
'2012-09-25 12:00:00',22719,15.6,'''"11.2"''','''"55"''','''"6.6"'''
'2012-09-26 12:00:00',22719,15.7,'''"12.6"''','''"68"''','''"9.8"'''
'2012-09-27 12:00:00',22719,15.4,'''"12.1"''','''"66"''','''"9.1"'''
'2012-09-28 12:00:00',22719,15.8,'''"13.2"''','''"73"''','''"11"'''
'2012-09-29 12:00:00',22719,18,'''"-"''','''"-"''','''"-"'''
'2012-09-30 12:00:00',22719,17.1,'''"-"''','''"-"''','''"-"'''
'2012-10-01 12:00:00',22719,15.6,'''"-"''','''"-"''','''"-"'''
'2012-10-02 12:00:00',22719,14.8,'''"-"''','''"-"''','''"-"'''
'2012-10-03 12:00:00',22719,15.3,'''"-"''','''"-"''','''"-"'''
'2012-10-04 12:00:00',22719,14.7,'''"11.5"''','''"66"''','''"8.4"'''
'2012-10-05 12:00:00',22719,15.4,'''"12.4"''','''"68"''','''"9.6"'''
'2012-10-06 12:00:00',22719,15.1,'''"14.3"''','''"91"''','''"13.6"'''
'2012-10-07 12:00:00',22719,14.4,'''"13.1"''','''"85"''','''"11.9"'''
'2012-10-08 12:00:00',22719,16,'''"15.4"''','''"93"''','''"14.9"'''
'2012-10-09 12:00:00',22719,18.4,'''"13.6"''','''"55"''','''"9.2"'''
'2012-10-10 12:00:00',22719,17.6,'''"14"''','''"65"''','''"11"'''
'2012-10-11 12:00:00',22719,17.5,'''"14.1"''','''"67"''','''"11.3"'''
'2012-10-12 12:00:00',22719,18.7,'''"14.3"''','''"59"''','''"10.5"'''
'2012-10-13 12:00:00',22719,15.2,'''"13.9"''','''"86"''','''"12.9"'''
'2012-10-14 12:00:00',22719,14.6,'''"11.8"''','''"70"''','''"9.2"'''
'2012-10-15 12:00:00',22719,14.6,'''"11.7"''','''"69"''','''"9"'''
'2012-10-16 12:00:00',22719,15.3,'''"11.8"''','''"63"''','''"8.3"'''
'2012-10-17 12:00:00',22719,18.9,'''"14.8"''','''"62"''','''"11.5"'''
'2012-10-18 12:00:00',22719,16.9,'''"13.4"''','''"65"''','''"10.3"'''
'2012-10-19 12:00:00',22719,14.4,'''"11.1"''','''"64"''','''"7.7"'''
'2012-10-20 12:00:00',22719,16.1,'''"12.1"''','''"60"''','''"8.4"'''
'2012-10-21 12:00:00',22719,15.9,'''"15.3"''','''"93"''','''"14.8"'''
'2012-10-22 12:00:00',22719,18.4,'''"15"''','''"68"''','''"12.4"'''
'2012-10-23 12:00:00',22719,11.8,'''"10.3"''','''"82"''','''"8.8"'''
'2012-10-24 12:00:00',22719,16.6,'''"9.4"''','''"32"''','''"-0.1"'''
'2012-10-25 12:00:00',22719,15.7,'''"11.6"''','''"58"''','''"7.5"'''
'2012-10-26 12:00:00',22719,18.4,'''"15"''','''"68"''','''"12.4"'''
'2012-10-27 12:00:00',22719,19.4,'''"15.1"''','''"61"''','''"11.7"'''
'2012-10-28 12:00:00',22719,18.2,'''"14.9"''','''"68"''','''"12.2"'''
'2012-10-29 12:00:00',22719,14.8,'''"14.4"''','''"95"''','''"14"'''
'2012-10-30 12:00:00',22719,20.1,'''"16.3"''','''"66"''','''"13.6"'''
'2012-10-31 12:00:00',22719,16.8,'''"14.1"''','''"73"''','''"11.9"'''
'2012-11-01 12:00:00',22719,18.5,'''"15"''','''"67"''','''"12.3"'''
'2012-11-02 12:00:00',22719,19.1,'''"14.9"''','''"61"''','''"11.4"'''
'2012-11-03 12:00:00',22719,17.5,'''"16.2"''','''"87"''','''"15.3"'''
'2012-11-04 12:00:00',22719,14.8,'''"10.6"''','''"56"''','''"6.1"'''
'2012-11-05 12:00:00',22719,16.7,'''"12.4"''','''"58"''','''"8.4"'''
'2012-11-06 12:00:00',22719,16.4,'''"12.4"''','''"60"''','''"8.6"'''
'2012-11-07 12:00:00',22719,14.7,'''"11.6"''','''"67"''','''"8.7"'''
'2012-11-08 12:00:00',22719,17.5,'''"12.6"''','''"53"''','''"7.8"'''
'2012-11-09 12:00:00',22719,18.4,'''"13.8"''','''"57"''','''"9.7"'''
'2012-11-10 12:00:00',22719,17.6,'''"14.2"''','''"67"''','''"11.4"'''
'2012-11-11 12:00:00',22719,18.3,'''"14.6"''','''"65"''','''"11.6"'''
'2012-11-12 12:00:00',22719,17.4,'''"13.9"''','''"66"''','''"11"'''
'2012-11-13 12:00:00',22719,18.3,'''"14.8"''','''"67"''','''"12.1"'''
'2012-11-14 12:00:00',22719,15.2,'''"12.3"''','''"69"''','''"9.6"'''
'2012-11-15 12:00:00',22719,18.3,'''"14.8"''','''"67"''','''"12.1"'''
'2012-11-16 12:00:00',22719,17,'''"13.6"''','''"66"''','''"10.6"'''
'2012-11-17 12:00:00',22719,16.2,'''"15.6"''','''"94"''','''"15.2"'''
'2012-11-18 12:00:00',22719,16.8,'''"13.2"''','''"64"''','''"10"'''
'2012-11-19 12:00:00',22719,18.2,'''"13.3"''','''"54"''','''"8.8"'''
'2012-11-20 12:00:00',22719,19.4,'''"13.7"''','''"49"''','''"8.4"'''
'2012-11-21 12:00:00',22719,20.3,'''"15.2"''','''"55"''','''"11"'''
'2012-11-22 12:00:00',22719,20.7,'''"14.9"''','''"50"''','''"9.9"'''
'2012-11-23 12:00:00',22719,20.6,'''"14.6"''','''"49"''','''"9.5"'''
'2012-11-24 12:00:00',22719,18.6,'''"15"''','''"66"''','''"12.1"'''
'2012-11-25 12:00:00',22719,19.1,'''"15.6"''','''"67"''','''"12.8"'''
'2012-11-26 12:00:00',22719,20.1,'''"17"''','''"72"''','''"14.9"'''
'2012-11-27 12:00:00',22719,18.6,'''"15.2"''','''"68"''','''"12.6"'''
'2012-11-28 12:00:00',22719,19.9,'''"17.1"''','''"74"''','''"15.1"'''
'2012-11-29 12:00:00',22719,15.5,'''"15"''','''"94"''','''"14.5"'''
'2012-11-30 12:00:00',22719,16.6,'''"12.8"''','''"62"''','''"9.3"'''
'2012-12-01 12:00:00',22719,18.5,'''"14.6"''','''"63"''','''"11.3"'''
'2012-12-02 12:00:00',22719,18.1,'''"15.5"''','''"75"''','''"13.6"'''
'2012-12-03 12:00:00',22719,19.3,'''"16.8"''','''"76"''','''"15"'''
'2012-12-04 12:00:00',22719,19.9,'''"15.6"''','''"61"''','''"12.2"'''
'2012-12-05 12:00:00',22719,18.8,'''"18.2"''','''"94"''','''"17.8"'''
'2012-12-06 12:00:00',22719,19.1,'''"18.6"''','''"95"''','''"18.3"'''
'2012-12-07 12:00:00',22719,16.3,'''"13.9"''','''"75"''','''"11.9"'''
'2012-12-08 12:00:00',22719,19.3,'''"15.1"''','''"62"''','''"11.8"'''
'2012-12-09 12:00:00',22719,19.5,'''"14.4"''','''"54"''','''"10"'''
'2012-12-10 12:00:00',22719,20,'''"15.3"''','''"58"''','''"11.5"'''
'2012-12-11 12:00:00',22719,18,'''"14.8"''','''"69"''','''"12.3"'''
'2012-12-12 12:00:00',22719,21.8,'''"16.2"''','''"53"''','''"11.8"'''
'2012-12-13 12:00:00',22719,22.3,'''"16.4"''','''"52"''','''"12"'''
'2012-12-14 12:00:00',22719,20.5,'''"16.1"''','''"61"''','''"12.7"'''
'2012-12-15 12:00:00',22719,22.8,'''"17.8"''','''"59"''','''"14.4"'''
'2012-12-16 12:00:00',22719,22.4,'''"17.3"''','''"58"''','''"13.8"'''
'2012-12-17 12:00:00',22719,20.6,'''"18.6"''','''"82"''','''"17.4"'''
'2012-12-18 12:00:00',22719,22.5,'''"19.2"''','''"72"''','''"17.2"'''
'2012-12-19 12:00:00',22719,23,'''"20.3"''','''"77"''','''"18.8"'''
'2012-12-20 12:00:00',22719,23.8,'''"19.7"''','''"67"''','''"17.3"'''
'2012-12-21 12:00:00',22719,23.4,'''"19.6"''','''"69"''','''"17.4"'''
'2012-12-22 12:00:00',22719,24,'''"19.3"''','''"62"''','''"16.3"'''
'2012-12-23 12:00:00',22719,23.2,'''"19.2"''','''"67"''','''"16.8"'''
'2012-12-24 12:00:00',22719,24.5,'''"21"''','''"72"''','''"19.1"'''
'2012-12-25 12:00:00',22719,20.7,'''"19.8"''','''"92"''','''"19.4"'''
'2012-12-26 12:00:00',22719,21.3,'''"20"''','''"88"''','''"19.2"'''
'2012-12-27 12:00:00',22719,21.3,'''"19.6"''','''"85"''','''"18.7"'''
'2012-12-28 12:00:00',22719,22.4,'''"19.5"''','''"75"''','''"17.8"'''
'2012-12-29 12:00:00',22719,25,'''"20"''','''"61"''','''"17"'''
'2012-12-30 12:00:00',22719,23.6,'''"20.5"''','''"74"''','''"18.7"'''
'2012-12-31 12:00:00',22719,20.3,'''"15.8"''','''"60"''','''"12.3"'''
'2013-01-01 12:00:00',22719,21.9,'''"16.4"''','''"54"''','''"12.2"'''
'2013-01-02 12:00:00',22719,23.8,'''"16.8"''','''"46"''','''"11.5"'''
'2013-01-03 12:00:00',22719,16.8,'''"15.1"''','''"83"''','''"13.9"'''
'2013-01-04 12:00:00',22719,19.8,'''"14.9"''','''"56"''','''"10.8"'''
'2013-01-05 12:00:00',22719,21.8,'''"15.4"''','''"47"''','''"10"'''
'2013-01-06 12:00:00',22719,24.6,'''"17.5"''','''"46"''','''"12.2"'''
'2013-01-07 12:00:00',22719,20.6,'''"17.8"''','''"75"''','''"16"'''
'2013-01-08 12:00:00',22719,21.4,'''"17.6"''','''"67"''','''"15"'''
'2013-01-09 12:00:00',22719,24.5,'''"19.1"''','''"58"''','''"15.7"'''
'2013-01-10 12:00:00',22719,24.3,'''"18.8"''','''"57"''','''"15.2"'''
'2013-01-11 12:00:00',22719,25.9,'''"19.7"''','''"54"''','''"15.9"'''
'2013-01-12 12:00:00',22719,24.2,'''"20.9"''','''"73"''','''"19.1"'''
'2013-01-13 12:00:00',22719,25.5,'''"20.8"''','''"64"''','''"18.2"'''
'2013-01-14 12:00:00',22719,22.6,'''"20.5"''','''"82"''','''"19.4"'''
'2013-01-15 12:00:00',22719,21.9,'''"17.7"''','''"64"''','''"14.8"'''
'2013-01-16 12:00:00',22719,21,'''"16.8"''','''"63"''','''"13.7"'''
'2013-01-17 12:00:00',22719,21.3,'''"16.8"''','''"61"''','''"13.5"'''
'2013-01-18 12:00:00',22719,20.1,'''"14.7"''','''"53"''','''"10.3"'''
'2013-01-19 12:00:00',22719,20.9,'''"16.4"''','''"61"''','''"13.1"'''
'2013-01-20 12:00:00',22719,21,'''"17.8"''','''"72"''','''"15.8"'''
'2013-01-21 12:00:00',22719,21.3,'''"16.9"''','''"62"''','''"13.7"'''
'2013-01-22 12:00:00',22719,24,'''"17.9"''','''"52"''','''"13.6"'''
'2013-01-23 12:00:00',22719,23.9,'''"17.8"''','''"52"''','''"13.5"'''
'2013-01-24 12:00:00',22719,24.5,'''"18"''','''"50"''','''"13.4"'''
'2013-01-25 12:00:00',22719,25.7,'''"18.3"''','''"46"''','''"13.2"'''
'2013-01-26 12:00:00',22719,21.8,'''"15.4"''','''"47"''','''"10"'''
'2013-01-27 12:00:00',22719,22.5,'''"15.4"''','''"43"''','''"9.3"'''
'2013-01-28 12:00:00',22719,22.8,'''"16.2"''','''"47"''','''"10.9"'''
'2013-01-29 12:00:00',22719,23.3,'''"17"''','''"50"''','''"12.3"'''
'2013-01-30 12:00:00',22719,22.9,'''"16.4"''','''"48"''','''"11.3"'''
'2013-01-31 12:00:00',22719,23.6,'''"17"''','''"48"''','''"12"'''
'2013-02-01 12:00:00',22719,24.4,'''"16.9"''','''"43"''','''"11"'''
'2013-02-02 12:00:00',22719,24.5,'''"18.8"''','''"56"''','''"15.2"'''
'2013-02-03 12:00:00',22719,23.8,'''"19.2"''','''"63"''','''"16.4"'''
'2013-02-04 12:00:00',22719,21.9,'''"20.5"''','''"87"''','''"19.7"'''
'2013-02-05 12:00:00',22719,20.2,'''"15.7"''','''"60"''','''"12.2"'''
'2013-02-06 12:00:00',22719,20.1,'''"12.3"''','''"34"''','''"3.8"'''
'2013-02-07 12:00:00',22719,21.9,'''"15.7"''','''"49"''','''"10.7"'''
'2013-02-08 12:00:00',22719,23.7,'''"18.6"''','''"59"''','''"15.2"'''
'2013-02-09 12:00:00',22719,21.6,'''"16.8"''','''"59"''','''"13.3"'''
'2013-02-10 12:00:00',22719,21.9,'''"16.4"''','''"54"''','''"12.2"'''
'2013-02-11 12:00:00',22719,24.2,'''"18.3"''','''"54"''','''"14.3"'''
'2013-02-12 12:00:00',22719,23.5,'''"18.4"''','''"59"''','''"15"'''
'2013-02-13 12:00:00',22719,21.5,'''"18.9"''','''"77"''','''"17.3"'''
'2013-02-14 12:00:00',22719,21,'''"15.4"''','''"52"''','''"10.8"'''
'2013-02-15 12:00:00',22719,21.8,'''"17.5"''','''"63"''','''"14.5"'''
'2013-02-16 12:00:00',22719,21.5,'''"16.9"''','''"61"''','''"13.7"'''
'2013-02-17 12:00:00',22719,22.4,'''"18.2"''','''"65"''','''"15.5"'''
'2013-02-18 12:00:00',22719,24.3,'''"18.7"''','''"56"''','''"15"'''
'2013-02-19 12:00:00',22719,23.6,'''"18.5"''','''"59"''','''"15.1"'''
'2013-02-20 12:00:00',22719,24.1,'''"17.1"''','''"46"''','''"11.8"'''
'2013-02-21 12:00:00',22719,23,'''"19"''','''"67"''','''"16.6"'''
'2013-02-22 12:00:00',22719,24.5,'''"18.3"''','''"52"''','''"14"'''
'2013-02-23 12:00:00',22719,24.2,'''"16.5"''','''"42"''','''"10.5"'''
'2013-02-24 12:00:00',22719,23.7,'''"17.9"''','''"54"''','''"13.9"'''
'2013-02-25 12:00:00',22719,23.8,'''"15.3"''','''"36"''','''"7.9"'''
'2013-02-26 12:00:00',22719,23.8,'''"16.4"''','''"43"''','''"10.5"'''
'2013-02-28 12:00:00',22719,22.7,'''"17.2"''','''"55"''','''"13.2"'''
'2013-03-01 12:00:00',22719,20.9,'''"16.5"''','''"62"''','''"13.4"'''
'2013-03-02 12:00:00',22719,22.6,'''"18.8"''','''"68"''','''"16.4"'''
'2013-03-03 12:00:00',22719,22.6,'''"19.1"''','''"70"''','''"16.9"'''
'2013-03-04 12:00:00',22719,21.8,'''"17.6"''','''"64"''','''"14.7"'''
'2013-03-05 12:00:00',22719,23.1,'''"16.4"''','''"47"''','''"11.2"'''
'2013-03-06 12:00:00',22719,21.3,'''"17.8"''','''"69"''','''"15.4"'''
'2013-03-07 12:00:00',22719,25,'''"19"''','''"54"''','''"15.1"'''
'2013-03-08 12:00:00',22719,24.8,'''"19.4"''','''"58"''','''"16"'''
'2013-03-09 12:00:00',22719,24.7,'''"15.7"''','''"34"''','''"7.8"'''
'2013-03-10 12:00:00',22719,25,'''"17.3"''','''"43"''','''"11.6"'''
'2013-03-11 12:00:00',22719,24.4,'''"17.7"''','''"49"''','''"13"'''
'2013-03-12 12:00:00',22719,24.8,'''"17.5"''','''"45"''','''"12.1"'''
'2013-03-13 12:00:00',22719,25.2,'''"19.7"''','''"58"''','''"16.4"'''
'2013-03-14 12:00:00',22719,24.3,'''"19"''','''"58"''','''"15.5"'''
'2013-03-15 12:00:00',22719,23.4,'''"17.1"''','''"50"''','''"12.4"'''
'2013-03-16 12:00:00',22719,22,'''"18.5"''','''"70"''','''"16.3"'''
'2013-03-17 12:00:00',22719,20.5,'''"19.9"''','''"94"''','''"19.5"'''
'2013-03-18 12:00:00',22719,23.5,'''"-"''','''"-"''','''"-"'''
'2013-03-19 12:00:00',22719,19.4,'''"18.4"''','''"90"''','''"17.7"'''
'2013-03-20 12:00:00',22719,20.7,'''"20.4"''','''"97"''','''"20.2"'''
'2013-03-21 12:00:00',22719,20.1,'''"16"''','''"63"''','''"12.8"'''
'2013-03-22 12:00:00',22719,21.5,'''"15.6"''','''"51"''','''"11"'''
'2013-03-23 12:00:00',22719,22.2,'''"16.4"''','''"52"''','''"11.9"'''
'2013-03-24 12:00:00',22719,22.4,'''"16.5"''','''"52"''','''"12.1"'''
'2013-03-25 12:00:00',22719,22.7,'''"16.4"''','''"49"''','''"11.5"'''
'2013-03-26 12:00:00',22719,22.9,'''"-"''','''"-"''','''"-"'''
'2013-03-27 12:00:00',22719,24,'''"-"''','''"-"''','''"-"'''
'2013-03-28 12:00:00',22719,23.6,'''"-"''','''"-"''','''"-"'''
'2013-03-29 12:00:00',22719,22.4,'''"-"''','''"-"''','''"-"'''
'2013-03-30 12:00:00',22719,20.8,'''"-"''','''"-"''','''"-"'''
'2013-03-31 12:00:00',22719,23.7,'''"19.8"''','''"68"''','''"17.4"'''
'2013-04-01 12:00:00',22719,22.5,'''"19"''','''"70"''','''"16.8"'''
'2013-04-02 12:00:00',22719,24,'''"18.4"''','''"56"''','''"14.7"'''
'2013-04-03 12:00:00',22719,22.5,'''"19.2"''','''"72"''','''"17.2"'''
'2013-04-04 12:00:00',22719,18.6,'''"16.1"''','''"76"''','''"14.3"'''
'2013-04-05 12:00:00',22719,19.6,'''"14.7"''','''"56"''','''"10.6"'''
'2013-04-06 12:00:00',22719,18.2,'''"13.4"''','''"55"''','''"9"'''
'2013-04-07 12:00:00',22719,15.7,'''"11.9"''','''"61"''','''"8.2"'''
'2013-04-08 12:00:00',22719,19.3,'''"13.8"''','''"51"''','''"8.9"'''
'2013-04-09 12:00:00',22719,19.6,'''"15.2"''','''"60"''','''"11.6"'''
'2013-04-10 12:00:00',22719,19.7,'''"15.3"''','''"60"''','''"11.7"'''
'2013-04-11 12:00:00',22719,21.4,'''"15"''','''"47"''','''"9.7"'''
'2013-04-12 12:00:00',22719,20.8,'''"16.5"''','''"62"''','''"13.3"'''
'2013-04-13 12:00:00',22719,19.9,'''"15.9"''','''"64"''','''"12.9"'''
'2013-04-14 12:00:00',22719,20.5,'''"15.8"''','''"59"''','''"12.2"'''
'2013-04-15 12:00:00',22719,17.6,'''"15.6"''','''"80"''','''"14.1"'''
'2013-04-16 12:00:00',22719,18.9,'''"17.5"''','''"86"''','''"16.5"'''
'2013-04-17 12:00:00',22719,16.8,'''"15.6"''','''"88"''','''"14.8"'''
'2013-04-18 12:00:00',22719,20.7,'''"17.3"''','''"70"''','''"15"'''
'2013-04-19 12:00:00',22719,19,'''"15.7"''','''"69"''','''"13.2"'''
'2013-04-20 12:00:00',22719,21.8,'''"18.1"''','''"68"''','''"15.6"'''
'2013-04-21 12:00:00',22719,20.3,'''"18"''','''"79"''','''"16.5"'''
'2013-04-22 12:00:00',22719,19.2,'''"16.9"''','''"78"''','''"15.3"'''
'2013-04-23 12:00:00',22719,19.8,'''"15.9"''','''"65"''','''"13.1"'''
'2013-04-24 12:00:00',22719,15.4,'''"14.2"''','''"87"''','''"13.3"'''
'2013-04-25 12:00:00',22719,19.8,'''"15.9"''','''"65"''','''"13.1"'''
'2013-04-26 12:00:00',22719,19.1,'''"15.2"''','''"64"''','''"12.1"'''
'2013-04-27 12:00:00',22719,18.6,'''"16.2"''','''"77"''','''"14.5"'''
'2013-04-28 12:00:00',22719,18.6,'''"16.1"''','''"76"''','''"14.3"'''
'2013-04-29 12:00:00',22719,19.9,'''"16.8"''','''"72"''','''"14.7"'''
'2013-04-30 12:00:00',22719,19.6,'''"17.1"''','''"77"''','''"15.5"'''
'2013-05-01 12:00:00',22719,18.6,'''"14.4"''','''"61"''','''"11"'''
'2013-05-02 12:00:00',22719,19.9,'''"16.4"''','''"68"''','''"13.8"'''
'2013-05-03 12:00:00',22719,19.2,'''"15.9"''','''"69"''','''"13.4"'''
'2013-05-04 12:00:00',22719,14.4,'''"13.5"''','''"90"''','''"12.8"'''
'2013-05-05 12:00:00',22719,16.7,'''"14.8"''','''"80"''','''"13.2"'''
'2013-05-06 12:00:00',22719,11.9,'''"11.2"''','''"91"''','''"10.5"'''
'2013-05-07 12:00:00',22719,17.8,'''"13.5"''','''"59"''','''"9.7"'''
'2013-05-08 12:00:00',22719,14.3,'''"12.6"''','''"81"''','''"11.1"'''
'2013-05-09 12:00:00',22719,13.5,'''"12.7"''','''"91"''','''"12.1"'''
'2013-05-10 12:00:00',22719,15.3,'''"13.6"''','''"82"''','''"12.3"'''
'2013-05-11 12:00:00',22719,14.4,'''"10.8"''','''"61"''','''"7"'''
'2013-05-12 12:00:00',22719,16.2,'''"12.5"''','''"63"''','''"9.2"'''
'2013-05-13 12:00:00',22719,16.8,'''"14.3"''','''"75"''','''"12.4"'''
'2013-05-14 12:00:00',22719,17.1,'''"14.8"''','''"77"''','''"13"'''
'2013-05-15 12:00:00',22719,15.5,'''"14.2"''','''"86"''','''"13.2"'''
'2013-05-16 12:00:00',22719,19.4,'''"15.9"''','''"68"''','''"13.4"'''
'2013-05-17 12:00:00',22719,16.2,'''"15.1"''','''"88"''','''"14.2"'''
'2013-05-18 12:00:00',22719,18.7,'''"16.2"''','''"76"''','''"14.4"'''
'2013-05-19 12:00:00',22719,17.4,'''"14.8"''','''"74"''','''"12.7"'''
'2013-05-20 12:00:00',22719,18.3,'''"14.6"''','''"65"''','''"11.6"'''
'2013-05-21 12:00:00',22719,17.9,'''"14.3"''','''"65"''','''"11.3"'''
'2013-05-22 12:00:00',22719,14.7,'''"13"''','''"81"''','''"11.5"'''
'2013-05-23 12:00:00',22719,15.5,'''"13.8"''','''"82"''','''"12.5"'''
'2013-05-24 12:00:00',22719,16.8,'''"13.2"''','''"64"''','''"10"'''
'2013-05-25 12:00:00',22719,14.9,'''"13.1"''','''"80"''','''"11.5"'''
'2013-05-26 12:00:00',22719,17.3,'''"14.7"''','''"74"''','''"12.6"'''
'2013-05-27 12:00:00',22719,17.4,'''"13.4"''','''"61"''','''"9.8"'''
'2013-05-28 12:00:00',22719,7.2,'''"6.2"''','''"86"''','''"5"'''
'2013-05-29 12:00:00',22719,13,'''"8.5"''','''"50"''','''"2.9"'''
'2013-05-30 12:00:00',22719,15.1,'''"12.6"''','''"73"''','''"10.3"'''
'2013-05-31 12:00:00',22719,14,'''"12.1"''','''"79"''','''"10.4"'''
'2013-06-01 12:00:00',22719,15.6,'''"12.3"''','''"66"''','''"9.3"'''
'2013-06-02 12:00:00',22719,16.2,'''"11.7"''','''"55"''','''"7.2"'''
'2013-06-03 12:00:00',22719,14.2,'''"10.6"''','''"61"''','''"6.8"'''
'2013-06-04 12:00:00',22719,13.2,'''"12.5"''','''"92"''','''"11.9"'''
'2013-06-05 12:00:00',22719,15,'''"13.1"''','''"79"''','''"11.4"'''
'2013-06-06 12:00:00',22719,14.1,'''"9.9"''','''"55"''','''"5.2"'''
'2013-06-07 12:00:00',22719,13.5,'''"11.4"''','''"76"''','''"9.4"'''
'2013-06-08 12:00:00',22719,15.9,'''"12"''','''"60"''','''"8.2"'''
'2013-06-09 12:00:00',22719,11.7,'''"11.1"''','''"92"''','''"10.4"'''
'2013-06-10 12:00:00',22719,12.3,'''"10.4"''','''"78"''','''"8.6"'''
'2013-06-11 12:00:00',22719,15.1,'''"13.3"''','''"80"''','''"11.7"'''
'2013-06-12 12:00:00',22719,15.4,'''"13.6"''','''"81"''','''"12.2"'''
'2013-06-13 12:00:00',22719,15.1,'''"12.7"''','''"74"''','''"10.5"'''
'2013-06-14 12:00:00',22719,13.3,'''"12.5"''','''"91"''','''"11.9"'''
'2013-06-15 12:00:00',22719,13.9,'''"12.2"''','''"81"''','''"10.7"'''
'2013-06-16 12:00:00',22719,13.9,'''"13"''','''"90"''','''"12.3"'''
'2013-06-17 12:00:00',22719,16.8,'''"15"''','''"82"''','''"13.7"'''
'2013-06-18 12:00:00',22719,18.2,'''"15.3"''','''"72"''','''"13.1"'''
'2013-06-19 12:00:00',22719,11.5,'''"10.8"''','''"91"''','''"10.1"'''
'2013-06-20 12:00:00',22719,10,'''"7.8"''','''"72"''','''"5.2"'''
'2013-06-21 12:00:00',22719,12.7,'''"9.2"''','''"60"''','''"5.2"'''
'2013-06-22 12:00:00',22719,13.1,'''"9.6"''','''"61"''','''"5.8"'''
'2013-06-23 12:00:00',22719,8.7,'''"7.8"''','''"88"''','''"6.8"'''
'2013-06-24 12:00:00',22719,12.2,'''"10.9"''','''"84"''','''"9.6"'''
'2013-06-25 12:00:00',22719,14.6,'''"11.7"''','''"69"''','''"9"'''
'2013-06-26 12:00:00',22719,13.2,'''"11.1"''','''"76"''','''"9.1"'''
'2013-06-27 12:00:00',22719,11,'''"9.2"''','''"78"''','''"7.3"'''
'2013-06-28 12:00:00',22719,12.3,'''"8.5"''','''"56"''','''"3.8"'''
'2013-06-29 12:00:00',22719,11.8,'''"9.3"''','''"70"''','''"6.5"'''
'2013-06-30 12:00:00',22719,12.2,'''"10.3"''','''"77"''','''"8.3"'''
'2013-07-01 12:00:00',22719,14.6,'''"11"''','''"62"''','''"7.4"'''
'2013-07-02 12:00:00',22719,15.1,'''"11.3"''','''"60"''','''"7.4"'''
'2013-07-03 12:00:00',22719,12.8,'''"11.5"''','''"85"''','''"10.4"'''
'2013-07-04 12:00:00',22719,15.2,'''"13.3"''','''"80"''','''"11.8"'''
'2013-07-05 12:00:00',22719,14.7,'''"13.1"''','''"82"''','''"11.7"'''
'2013-07-06 12:00:00',22719,16.3,'''"12.7"''','''"64"''','''"9.5"'''
'2013-07-07 12:00:00',22719,16.4,'''"13.2"''','''"68"''','''"10.5"'''
'2013-07-08 12:00:00',22719,14.1,'''"10.5"''','''"61"''','''"6.7"'''
'2013-07-09 12:00:00',22719,12.2,'''"9.6"''','''"69"''','''"6.7"'''
'2013-07-10 12:00:00',22719,11.6,'''"9.3"''','''"72"''','''"6.7"'''
'2013-07-11 12:00:00',22719,9.4,'''"7.6"''','''"76"''','''"5.4"'''
'2013-07-12 12:00:00',22719,13,'''"10"''','''"66"''','''"6.8"'''
'2013-07-13 12:00:00',22719,13,'''"10.8"''','''"75"''','''"8.7"'''
'2013-07-14 12:00:00',22719,14.4,'''"11.5"''','''"69"''','''"8.8"'''
'2013-07-15 12:00:00',22719,9.9,'''"7.2"''','''"66"''','''"3.9"'''
'2013-07-16 12:00:00',22719,13,'''"9.2"''','''"57"''','''"4.7"'''
'2013-07-17 12:00:00',22719,13.8,'''"10.3"''','''"62"''','''"6.7"'''
'2013-07-18 12:00:00',22719,13.7,'''"10.6"''','''"66"''','''"7.5"'''
'2013-07-19 12:00:00',22719,14.2,'''"10.9"''','''"64"''','''"7.5"'''
'2013-07-20 12:00:00',22719,16.1,'''"12.7"''','''"65"''','''"9.5"'''
'2013-07-21 12:00:00',22719,13.2,'''"11.5"''','''"80"''','''"9.8"'''
'2013-07-22 12:00:00',22719,11,'''"10.3"''','''"91"''','''"9.6"'''
'2013-07-23 12:00:00',22719,14.5,'''"11.3"''','''"66"''','''"8.2"'''
'2013-07-24 12:00:00',22719,13,'''"12"''','''"88"''','''"11.1"'''
'2013-07-25 12:00:00',22719,15.6,'''"12.8"''','''"71"''','''"10.4"'''
'2013-07-26 12:00:00',22719,13.7,'''"11.2"''','''"72"''','''"8.8"'''
'2013-07-27 12:00:00',22719,15.1,'''"11"''','''"57"''','''"6.7"'''
'2013-07-28 12:00:00',22719,15.1,'''"12"''','''"67"''','''"9"'''
'2013-07-29 12:00:00',22719,14.9,'''"11.8"''','''"67"''','''"8.9"'''
'2013-07-30 12:00:00',22719,10.8,'''"9.9"''','''"88"''','''"8.9"'''
'2013-07-31 12:00:00',22719,15.5,'''"11.6"''','''"60"''','''"7.8"'''
'2013-08-01 12:00:00',22719,14.7,'''"11.4"''','''"65"''','''"8.2"'''
'2013-08-02 12:00:00',22719,15.6,'''"13.4"''','''"77"''','''"11.6"'''
'2013-08-03 12:00:00',22719,16.5,'''"12.7"''','''"62"''','''"9.2"'''
'2013-08-04 12:00:00',22719,14.9,'''"12.6"''','''"75"''','''"10.5"'''
'2013-08-05 12:00:00',22719,15.8,'''"13.5"''','''"76"''','''"11.6"'''
'2013-08-06 12:00:00',22719,17.9,'''"14.5"''','''"67"''','''"11.7"'''
'2013-08-07 12:00:00',22719,17.4,'''"14.1"''','''"68"''','''"11.5"'''
'2013-08-08 12:00:00',22719,17.4,'''"13.8"''','''"65"''','''"10.8"'''
'2013-08-09 12:00:00',22719,17.2,'''"13.3"''','''"62"''','''"9.9"'''
'2013-08-10 12:00:00',22719,12.4,'''"11.5"''','''"89"''','''"10.6"'''
'2013-08-11 12:00:00',22719,13.5,'''"12.4"''','''"87"''','''"11.4"'''
'2013-08-12 12:00:00',22719,11.9,'''"10.5"''','''"83"''','''"9.1"'''
'2013-08-13 12:00:00',22719,16.8,'''"13.4"''','''"66"''','''"10.4"'''
'2013-08-14 12:00:00',22719,15.3,'''"12"''','''"65"''','''"8.8"'''
'2013-08-15 12:00:00',22719,15.9,'''"12.2"''','''"62"''','''"8.6"'''
'2013-08-16 12:00:00',22719,15.2,'''"12.6"''','''"72"''','''"10.2"'''
'2013-08-17 12:00:00',22719,15.6,'''"12.4"''','''"67"''','''"9.5"'''
'2013-08-18 12:00:00',22719,15.7,'''"12.1"''','''"63"''','''"8.7"'''
'2013-08-19 12:00:00',22719,13.4,'''"12"''','''"84"''','''"10.8"'''
'2013-08-20 12:00:00',22719,14.9,'''"11.7"''','''"66"''','''"8.6"'''
'2013-08-21 12:00:00',22719,12.7,'''"12"''','''"92"''','''"11.4"'''
'2013-08-22 12:00:00',22719,17.6,'''"14.4"''','''"69"''','''"11.9"'''
'2013-08-23 12:00:00',22719,11.4,'''"10.5"''','''"89"''','''"9.7"'''
'2013-08-24 12:00:00',22719,15.1,'''"12.3"''','''"70"''','''"9.7"'''
'2013-08-25 12:00:00',22719,15.9,'''"13.7"''','''"77"''','''"11.9"'''
'2013-08-26 12:00:00',22719,14.8,'''"14.1"''','''"92"''','''"13.5"'''
'2013-08-27 12:00:00',22719,15.8,'''"13.5"''','''"76"''','''"11.6"'''
'2013-08-28 12:00:00',22719,16.7,'''"13.4"''','''"67"''','''"10.6"'''
'2013-08-29 12:00:00',22719,13.8,'''"11.9"''','''"79"''','''"10.2"'''
'2013-08-30 12:00:00',22719,10.3,'''"8.4"''','''"76"''','''"6.3"'''
'2013-08-31 12:00:00',22719,14.4,'''"9.7"''','''"50"''','''"4.1"'''
'2013-09-01 12:00:00',22719,15.3,'''"10.2"''','''"48"''','''"4.4"'''
'2013-09-02 12:00:00',22719,14.5,'''"11.2"''','''"65"''','''"8"'''
'2013-09-03 12:00:00',22719,15.7,'''"11.1"''','''"53"''','''"6.2"'''
'2013-09-04 12:00:00',22719,14.6,'''"11.2"''','''"64"''','''"7.9"'''
'2013-09-05 12:00:00',22719,13.5,'''"10.3"''','''"64"''','''"6.8"'''
'2013-09-06 12:00:00',22719,12.6,'''"8.2"''','''"50"''','''"2.5"'''
'2013-09-07 12:00:00',22719,14,'''"12.9"''','''"88"''','''"12.1"'''
'2013-09-08 12:00:00',22719,16.1,'''"13.6"''','''"74"''','''"11.5"'''
'2013-09-09 12:00:00',22719,15.1,'''"11.6"''','''"63"''','''"8.1"'''
'2013-09-10 12:00:00',22719,17.1,'''"12.8"''','''"58"''','''"8.8"'''
'2013-09-11 12:00:00',22719,18,'''"15.3"''','''"74"''','''"13.3"'''
'2013-09-12 12:00:00',22719,15.6,'''"14.9"''','''"92"''','''"14.3"'''
'2013-09-13 12:00:00',22719,17,'''"14.2"''','''"72"''','''"11.9"'''
'2013-09-14 12:00:00',22719,14.4,'''"10.8"''','''"61"''','''"7"'''
'2013-09-15 12:00:00',22719,14,'''"11.1"''','''"68"''','''"8.2"'''
'2013-09-16 12:00:00',22719,15.7,'''"11.8"''','''"60"''','''"8"'''
'2013-09-17 12:00:00',22719,14.5,'''"11.2"''','''"65"''','''"8"'''
'2013-09-18 12:00:00',22719,13.9,'''"8.8"''','''"46"''','''"2.5"'''
'2013-09-19 12:00:00',22719,14.8,'''"11.3"''','''"63"''','''"7.8"'''
'2013-09-20 12:00:00',22719,18.1,'''"16.1"''','''"80"''','''"14.6"'''
'2013-09-21 12:00:00',22719,17,'''"15.5"''','''"85"''','''"14.5"'''
'2013-09-22 12:00:00',22719,18.3,'''"14.7"''','''"66"''','''"11.9"'''
'2013-09-23 12:00:00',22719,19.7,'''"16.2"''','''"68"''','''"13.6"'''
'2013-09-24 12:00:00',22719,13.6,'''"12.7"''','''"89"''','''"11.8"'''
'2013-09-25 12:00:00',22719,15.7,'''"14.7"''','''"89"''','''"13.9"'''
'2013-09-26 12:00:00',22719,16.6,'''"14.3"''','''"76"''','''"12.4"'''
'2013-09-27 12:00:00',22719,19.3,'''"16.4"''','''"73"''','''"14.4"'''
'2013-09-28 12:00:00',22719,15.5,'''"13"''','''"74"''','''"10.9"'''
'2013-09-29 12:00:00',22719,18.2,'''"14"''','''"60"''','''"10.3"'''
'2013-09-30 12:00:00',22719,13.8,'''"12.7"''','''"87"''','''"11.7"'''
'2013-10-01 12:00:00',22719,16.7,'''"13.2"''','''"65"''','''"10.1"'''
'2013-10-02 12:00:00',22719,17.3,'''"13.5"''','''"63"''','''"10.2"'''
'2013-10-03 12:00:00',22719,17.8,'''"13.8"''','''"62"''','''"10.4"'''
'2013-10-04 12:00:00',22719,18.6,'''"15.9"''','''"74"''','''"13.9"'''
'2013-10-05 12:00:00',22719,19.2,'''"16.3"''','''"73"''','''"14.3"'''
'2013-10-06 12:00:00',22719,18.8,'''"13.9"''','''"55"''','''"9.6"'''
'2013-10-07 12:00:00',22719,17.6,'''"14.5"''','''"70"''','''"12.1"'''
'2013-10-08 12:00:00',22719,17.8,'''"15"''','''"73"''','''"12.9"'''
'2013-10-09 12:00:00',22719,16.2,'''"12.1"''','''"59"''','''"8.2"'''
'2013-10-10 12:00:00',22719,15.6,'''"11.1"''','''"54"''','''"6.4"'''
'2013-10-11 12:00:00',22719,17.1,'''"15.3"''','''"82"''','''"14"'''
'2013-10-12 12:00:00',22719,17.1,'''"13.4"''','''"64"''','''"10.3"'''
'2013-10-13 12:00:00',22719,18.2,'''"15.1"''','''"70"''','''"12.7"'''
'2013-10-14 12:00:00',22719,17.5,'''"14.1"''','''"67"''','''"11.3"'''
'2013-10-15 12:00:00',22719,14.6,'''"12.5"''','''"77"''','''"10.6"'''
'2013-10-16 12:00:00',22719,18.2,'''"13.6"''','''"57"''','''"9.6"'''
'2013-10-17 12:00:00',22719,17.8,'''"15"''','''"73"''','''"12.9"'''
'2013-10-18 12:00:00',22719,18.6,'''"14.9"''','''"65"''','''"11.9"'''
'2013-10-19 12:00:00',22719,17.8,'''"14.4"''','''"67"''','''"11.6"'''
'2013-10-20 12:00:00',22719,16.9,'''"13.1"''','''"62"''','''"9.6"'''
'2013-10-21 12:00:00',22719,17,'''"13.6"''','''"66"''','''"10.6"'''
'2013-10-22 12:00:00',22719,19.9,'''"15.6"''','''"61"''','''"12.2"'''
'2013-10-23 12:00:00',22719,17.6,'''"16.5"''','''"89"''','''"15.8"'''
'2013-10-24 12:00:00',22719,18.6,'''"14.8"''','''"64"''','''"11.7"'''
'2013-10-25 12:00:00',22719,22,'''"16.7"''','''"56"''','''"12.8"'''
'2013-10-26 12:00:00',22719,18.8,'''"13.3"''','''"50"''','''"8.2"'''
'2013-10-27 12:00:00',22719,17.8,'''"14.8"''','''"71"''','''"12.5"'''
'2013-10-28 12:00:00',22719,17.5,'''"13.9"''','''"65"''','''"10.9"'''
'2013-10-29 12:00:00',22719,16.8,'''"12.1"''','''"54"''','''"7.5"'''
'2013-10-30 12:00:00',22719,17.3,'''"13.3"''','''"61"''','''"9.7"'''
'2013-10-31 12:00:00',22719,19.9,'''"15.2"''','''"58"''','''"11.4"'''
'2013-11-01 12:00:00',22719,18,'''"14.2"''','''"64"''','''"11.1"'''
'2013-11-02 12:00:00',22719,15.7,'''"12.2"''','''"64"''','''"8.9"'''
'2013-11-03 12:00:00',22719,17.1,'''"14.3"''','''"72"''','''"12"'''
'2013-11-04 12:00:00',22719,20.1,'''"14.9"''','''"54"''','''"10.5"'''
'2013-11-05 12:00:00',22719,16.5,'''"14.9"''','''"83"''','''"13.6"'''
'2013-11-06 12:00:00',22719,19.6,'''"14.3"''','''"53"''','''"9.8"'''
'2013-11-07 12:00:00',22719,16.6,'''"14.4"''','''"77"''','''"12.6"'''
'2013-11-08 12:00:00',22719,17.8,'''"15.4"''','''"76"''','''"13.5"'''
'2013-11-09 12:00:00',22719,18.8,'''"15.6"''','''"70"''','''"13.2"'''
'2013-11-10 12:00:00',22719,18.2,'''"15.6"''','''"75"''','''"13.7"'''
'2013-11-11 12:00:00',22719,18.8,'''"16.5"''','''"78"''','''"14.9"'''
'2013-11-12 12:00:00',22719,19.4,'''"14.4"''','''"55"''','''"10.2"'''
'2013-11-13 12:00:00',22719,18.8,'''"12.2"''','''"41"''','''"5.3"'''
'2013-11-14 12:00:00',22719,19.3,'''"14.4"''','''"56"''','''"10.3"'''
'2013-11-15 12:00:00',22719,19.9,'''"16.1"''','''"66"''','''"13.4"'''
'2013-11-16 12:00:00',22719,20,'''"16.2"''','''"66"''','''"13.5"'''
'2013-11-17 12:00:00',22719,21.4,'''"16.6"''','''"59"''','''"13.1"'''
'2013-11-18 12:00:00',22719,22.3,'''"18.3"''','''"66"''','''"15.7"'''
'2013-11-19 12:00:00',22719,22.4,'''"17.3"''','''"58"''','''"13.8"'''
'2013-11-20 12:00:00',22719,21.5,'''"16.6"''','''"58"''','''"12.9"'''
'2013-11-21 12:00:00',22719,22,'''"17.2"''','''"60"''','''"13.9"'''
'2013-11-22 12:00:00',22719,25.1,'''"19.4"''','''"56"''','''"15.7"'''
'2013-11-23 12:00:00',22719,24.9,'''"19.2"''','''"56"''','''"15.5"'''
'2013-11-24 12:00:00',22719,22.6,'''"18.4"''','''"65"''','''"15.7"'''
'2013-11-25 12:00:00',22719,23.2,'''"18.2"''','''"59"''','''"14.8"'''
'2013-11-26 12:00:00',22719,24.1,'''"19.5"''','''"63"''','''"16.6"'''
'2013-11-27 12:00:00',22719,22.8,'''"18.6"''','''"65"''','''"15.9"'''
'2013-11-28 12:00:00',22719,21.9,'''"18.1"''','''"67"''','''"15.5"'''
'2013-11-29 12:00:00',22719,21.1,'''"17.8"''','''"71"''','''"15.7"'''
'2013-11-30 12:00:00',22719,22.7,'''"17.2"''','''"55"''','''"13.2"'''
'2013-12-01 12:00:00',22719,18.4,'''"12.7"''','''"48"''','''"7.2"'''
'2013-12-02 12:00:00',22719,21.7,'''"16.2"''','''"54"''','''"12"'''
'2013-12-03 12:00:00',22719,20,'''"16.1"''','''"65"''','''"13.2"'''
'2013-12-04 12:00:00',22719,18.6,'''"17.9"''','''"93"''','''"17.5"'''
'2013-12-05 12:00:00',22719,19.5,'''"18.8"''','''"93"''','''"18.4"'''
'2013-12-07 12:00:00',22719,20.2,'''"17.6"''','''"76"''','''"15.8"'''
'2013-12-09 12:00:00',22719,21.2,'''"16.7"''','''"61"''','''"13.4"'''
'2013-12-10 12:00:00',22719,20.1,'''"15.1"''','''"56"''','''"11.1"'''
'2013-12-11 12:00:00',22719,19.3,'''"14.7"''','''"58"''','''"10.8"'''
'2013-12-12 12:00:00',22719,22.7,'''"16.8"''','''"52"''','''"12.4"'''
'2013-12-13 12:00:00',22719,23.8,'''"17.5"''','''"51"''','''"13.1"'''
'2013-12-14 12:00:00',22719,24.8,'''"18.5"''','''"52"''','''"14.3"'''
'2013-12-15 12:00:00',22719,25.4,'''"19.3"''','''"54"''','''"15.4"'''
'2013-12-16 12:00:00',22719,24.8,'''"18.4"''','''"51"''','''"14"'''
'2013-12-17 12:00:00',22719,22.1,'''"18.2"''','''"67"''','''"15.7"'''
'2013-12-18 12:00:00',22719,21,'''"15.9"''','''"56"''','''"11.9"'''
'2013-12-19 12:00:00',22719,20.1,'''"15"''','''"55"''','''"10.8"'''
'2013-12-20 12:00:00',22719,21.7,'''"15.8"''','''"51"''','''"11.1"'''
'2013-12-21 12:00:00',22719,20.1,'''"16"''','''"63"''','''"12.8"'''
'2013-12-22 12:00:00',22719,19.6,'''"14.2"''','''"52"''','''"9.5"'''
'2013-12-23 12:00:00',22719,20.9,'''"15.4"''','''"53"''','''"11"'''
'2013-12-24 12:00:00',22719,21.4,'''"16.7"''','''"60"''','''"13.3"'''
'2013-12-25 12:00:00',22719,20,'''"17.1"''','''"73"''','''"15"'''
'2013-12-26 12:00:00',22719,20.1,'''"17"''','''"72"''','''"14.9"'''
'2013-12-27 12:00:00',22719,21.8,'''"17.8"''','''"66"''','''"15.2"'''
'2013-12-28 12:00:00',22719,20.5,'''"17.5"''','''"73"''','''"15.5"'''
'2013-12-29 12:00:00',22719,22.6,'''"19.7"''','''"75"''','''"17.9"'''
'2013-12-30 12:00:00',22719,22.8,'''"19.9"''','''"75"''','''"18.1"'''
'2013-12-31 12:00:00',22719,20.5,'''"15.5"''','''"56"''','''"11.4"'''
'2014-01-01 12:00:00',22719,20.5,'''"17"''','''"69"''','''"14.6"'''
'2014-01-02 12:00:00',22719,22.6,'''"16.4"''','''"50"''','''"11.7"'''
'2014-01-03 12:00:00',22719,24,'''"19.5"''','''"64"''','''"16.8"'''
'2014-01-04 12:00:00',22719,26.8,'''"22"''','''"64"''','''"19.4"'''
'2014-01-05 12:00:00',22719,23,'''"20.4"''','''"78"''','''"19"'''
'2014-01-06 12:00:00',22719,21.3,'''"16"''','''"55"''','''"11.9"'''
'2014-01-07 12:00:00',22719,22.6,'''"17.5"''','''"58"''','''"13.9"'''
'2014-01-08 12:00:00',22719,22.5,'''"17.1"''','''"56"''','''"13.3"'''
'2014-01-09 12:00:00',22719,16.6,'''"13.9"''','''"73"''','''"11.8"'''
'2014-01-10 12:00:00',22719,21.2,'''"16.4"''','''"59"''','''"12.9"'''
'2014-01-11 12:00:00',22719,20.8,'''"16.2"''','''"60"''','''"12.8"'''
'2014-01-12 12:00:00',22719,20.1,'''"16.1"''','''"64"''','''"13.1"'''
'2014-01-13 12:00:00',22719,23.3,'''"18.9"''','''"64"''','''"16.1"'''
'2014-01-14 12:00:00',22719,20.2,'''"14.7"''','''"52"''','''"10"'''
'2014-01-15 12:00:00',22719,21.3,'''"16.3"''','''"57"''','''"12.5"'''
'2014-01-16 12:00:00',22719,18.5,'''"16.3"''','''"79"''','''"14.8"'''
'2014-01-17 12:00:00',22719,19.9,'''"15.4"''','''"60"''','''"11.9"'''
'2014-01-18 12:00:00',22719,20.1,'''"14.5"''','''"51"''','''"9.7"'''
'2014-01-19 12:00:00',22719,23.5,'''"17.4"''','''"52"''','''"13.1"'''
'2014-01-20 12:00:00',22719,20,'''"18"''','''"81"''','''"16.7"'''
'2014-01-21 12:00:00',22719,19.9,'''"18.9"''','''"90"''','''"18.2"'''
'2014-01-22 12:00:00',22719,22.9,'''"18.7"''','''"65"''','''"16"'''
'2014-01-23 12:00:00',22719,20.8,'''"15.8"''','''"57"''','''"12"'''
'2014-01-24 12:00:00',22719,21.5,'''"17.3"''','''"64"''','''"14.4"'''
'2014-01-25 12:00:00',22719,22.6,'''"16.1"''','''"48"''','''"11.1"'''
'2014-01-26 12:00:00',22719,21.1,'''"20"''','''"90"''','''"19.4"'''
'2014-01-27 12:00:00',22719,19.1,'''"13.9"''','''"53"''','''"9.3"'''
'2014-01-28 12:00:00',22719,18.6,'''"13.5"''','''"53"''','''"8.8"'''
'2014-01-29 12:00:00',22719,22.4,'''"16.4"''','''"51"''','''"11.8"'''
'2014-01-30 12:00:00',22719,21.1,'''"16.8"''','''"63"''','''"13.8"'''
'2014-01-31 12:00:00',22719,24.5,'''"16.6"''','''"41"''','''"10.4"'''
'2014-02-01 12:00:00',22719,22.7,'''"17.6"''','''"58"''','''"14"'''
'2014-02-02 12:00:00',22719,24.7,'''"15.8"''','''"35"''','''"8.2"'''
'2014-02-03 12:00:00',22719,24.3,'''"17.7"''','''"49"''','''"12.9"'''
'2014-02-04 12:00:00',22719,22.9,'''"17.4"''','''"55"''','''"13.4"'''
'2014-02-05 12:00:00',22719,24,'''"18.6"''','''"57"''','''"15"'''
'2014-02-06 12:00:00',22719,21.8,'''"16.7"''','''"57"''','''"12.9"'''
'2014-02-07 12:00:00',22719,21.7,'''"18.4"''','''"71"''','''"16.2"'''
'2014-02-08 12:00:00',22719,22.3,'''"19"''','''"72"''','''"17"'''
'2014-02-09 12:00:00',22719,23.3,'''"19.7"''','''"70"''','''"17.5"'''
'2014-02-10 12:00:00',22719,22.5,'''"17.3"''','''"57"''','''"13.6"'''
'2014-02-11 12:00:00',22719,21.4,'''"17.4"''','''"65"''','''"14.6"'''
'2014-02-12 12:00:00',22719,21.3,'''"17.4"''','''"66"''','''"14.7"'''
'2014-02-13 12:00:00',22719,20.8,'''"16.7"''','''"64"''','''"13.8"'''
'2014-02-14 12:00:00',22719,21.1,'''"16.6"''','''"61"''','''"13.3"'''
'2014-02-15 12:00:00',22719,21.6,'''"16.8"''','''"59"''','''"13.3"'''
'2014-02-16 12:00:00',22719,24.9,'''"18.6"''','''"52"''','''"14.4"'''
'2014-02-17 12:00:00',22719,24.8,'''"18.7"''','''"53"''','''"14.6"'''
'2014-02-18 12:00:00',22719,25.7,'''"19"''','''"50"''','''"14.5"'''
'2014-02-19 12:00:00',22719,24.5,'''"20.4"''','''"67"''','''"18"'''
'2014-02-20 12:00:00',22719,24.9,'''"20.3"''','''"64"''','''"17.6"'''
'2014-02-21 12:00:00',22719,26,'''"19.8"''','''"54"''','''"16"'''
'2014-02-22 12:00:00',22719,24.3,'''"21.6"''','''"78"''','''"20.2"'''
'2014-02-23 12:00:00',22719,22,'''"17.2"''','''"60"''','''"13.9"'''
'2014-02-24 12:00:00',22719,21.2,'''"13.4"''','''"36"''','''"5.6"'''
'2014-02-25 12:00:00',22719,20,'''"15.5"''','''"60"''','''"12"'''
'2014-02-26 12:00:00',22719,22.1,'''"17.8"''','''"64"''','''"15"'''
'2014-02-27 12:00:00',22719,23.5,'''"17.9"''','''"55"''','''"13.9"'''
'2014-02-28 12:00:00',22719,22.5,'''"18.6"''','''"67"''','''"16.1"'''
'2014-03-01 12:00:00',22719,18.7,'''"13.3"''','''"51"''','''"8.4"'''
'2014-03-02 12:00:00',22719,20.6,'''"15.4"''','''"55"''','''"11.3"'''
'2014-03-03 12:00:00',22719,18,'''"15.8"''','''"78"''','''"14.1"'''
'2014-03-04 12:00:00',22719,18.9,'''"13.9"''','''"54"''','''"9.4"'''
'2014-03-05 12:00:00',22719,16.8,'''"14.8"''','''"80"''','''"13.3"'''
'2014-03-06 12:00:00',22719,20.9,'''"16.2"''','''"59"''','''"12.6"'''
'2014-03-07 12:00:00',22719,23.6,'''"17"''','''"48"''','''"12"'''
'2014-03-08 12:00:00',22719,22.2,'''"17.3"''','''"59"''','''"13.8"'''
'2014-03-09 12:00:00',22719,20.8,'''"17.2"''','''"68"''','''"14.7"'''
'2014-03-10 12:00:00',22719,22.5,'''"18.1"''','''"63"''','''"15.1"'''
'2014-03-11 12:00:00',22719,23.4,'''"17.6"''','''"54"''','''"13.6"'''
'2014-03-12 12:00:00',22719,21.6,'''"17.4"''','''"64"''','''"14.5"'''
'2014-03-13 12:00:00',22719,24.1,'''"16.6"''','''"43"''','''"10.8"'''
'2014-03-14 12:00:00',22719,23,'''"16.6"''','''"49"''','''"11.7"'''
'2014-03-15 12:00:00',22719,20.8,'''"19.6"''','''"89"''','''"18.9"'''
'2014-03-16 12:00:00',22719,22.5,'''"19.3"''','''"73"''','''"17.4"'''
'2014-03-17 12:00:00',22719,22,'''"18.8"''','''"72"''','''"16.7"'''
'2014-03-18 12:00:00',22719,23.5,'''"19.6"''','''"68"''','''"17.3"'''
'2014-03-19 12:00:00',22719,22.5,'''"18.1"''','''"63"''','''"15.1"'''
'2014-03-20 12:00:00',22719,21.4,'''"17"''','''"62"''','''"13.8"'''
'2014-03-21 12:00:00',22719,23.2,'''"16.6"''','''"48"''','''"11.6"'''
'2014-03-22 12:00:00',22719,21.7,'''"15.1"''','''"46"''','''"9.6"'''
'2014-03-23 12:00:00',22719,23.7,'''"17.9"''','''"54"''','''"13.9"'''
'2014-03-24 12:00:00',22719,22.8,'''"17.7"''','''"58"''','''"14.1"'''
'2014-03-25 12:00:00',22719,20,'''"16.7"''','''"70"''','''"14.4"'''
'2014-03-26 12:00:00',22719,19.4,'''"12.9"''','''"43"''','''"6.5"'''
'2014-03-27 12:00:00',22719,20.2,'''"16.2"''','''"64"''','''"13.2"'''
'2014-03-28 12:00:00',22719,20.9,'''"16.5"''','''"62"''','''"13.4"'''
'2014-03-29 12:00:00',22719,21.2,'''"16.9"''','''"63"''','''"13.9"'''
'2014-03-30 12:00:00',22719,21.3,'''"16.6"''','''"60"''','''"13.2"'''
'2014-03-31 12:00:00',22719,23.2,'''"17.9"''','''"57"''','''"14.2"'''
'2014-04-01 12:00:00',22719,19.8,'''"17.4"''','''"78"''','''"15.9"'''
'2014-04-02 12:00:00',22719,22.8,'''"17.5"''','''"57"''','''"13.8"'''
'2014-04-03 12:00:00',22719,21.4,'''"18.1"''','''"71"''','''"15.9"'''
'2014-04-04 12:00:00',22719,21.6,'''"17.8"''','''"67"''','''"15.2"'''
'2014-04-05 12:00:00',22719,20.9,'''"17.2"''','''"67"''','''"14.6"'''
'2014-04-06 12:00:00',22719,22.2,'''"18.9"''','''"72"''','''"16.9"'''
'2014-04-07 12:00:00',22719,22.4,'''"19.4"''','''"74"''','''"17.6"'''
'2014-04-08 12:00:00',22719,22.3,'''"19.6"''','''"77"''','''"18.1"'''
'2014-04-09 12:00:00',22719,23.4,'''"19.9"''','''"71"''','''"17.8"'''
'2014-04-10 12:00:00',22719,22.4,'''"18.2"''','''"65"''','''"15.5"'''
'2014-04-11 12:00:00',22719,20.7,'''"18.2"''','''"77"''','''"16.5"'''
'2014-04-12 12:00:00',22719,21.2,'''"17.3"''','''"66"''','''"14.6"'''
'2014-04-13 12:00:00',22719,21.9,'''"16.4"''','''"54"''','''"12.2"'''
'2014-04-14 12:00:00',22719,20.9,'''"17.4"''','''"69"''','''"15"'''
'2014-04-15 12:00:00',22719,20.2,'''"17"''','''"71"''','''"14.8"'''
'2014-04-16 12:00:00',22719,21,'''"17.6"''','''"70"''','''"15.3"'''
'2014-04-17 12:00:00',22719,21.1,'''"19.8"''','''"88"''','''"19"'''
'2014-04-18 12:00:00',22719,22.2,'''"18.9"''','''"72"''','''"16.9"'''
'2014-04-19 12:00:00',22719,20.5,'''"17.9"''','''"76"''','''"16.1"'''
'2014-04-20 12:00:00',22719,16.5,'''"15.7"''','''"91"''','''"15"'''
'2014-04-21 12:00:00',22719,19.4,'''"15.8"''','''"67"''','''"13.1"'''
'2014-04-22 12:00:00',22719,18.3,'''"15.3"''','''"71"''','''"13"'''
'2014-04-23 12:00:00',22719,19.2,'''"14.6"''','''"58"''','''"10.7"'''
'2014-04-24 12:00:00',22719,18.4,'''"16.7"''','''"83"''','''"15.5"'''
'2014-04-25 12:00:00',22719,21.7,'''"18.6"''','''"73"''','''"16.7"'''
'2014-04-26 12:00:00',22719,17.9,'''"13.6"''','''"59"''','''"9.8"'''
'2014-04-27 12:00:00',22719,18.1,'''"13.1"''','''"53"''','''"8.4"'''
'2014-04-28 12:00:00',22719,16.7,'''"13.2"''','''"65"''','''"10.1"'''
'2014-04-29 12:00:00',22719,17.6,'''"14.6"''','''"71"''','''"12.3"'''
'2014-04-30 12:00:00',22719,18,'''"14.8"''','''"69"''','''"12.3"'''
'2014-05-01 12:00:00',22719,18.2,'''"14.1"''','''"61"''','''"10.6"'''
'2014-05-02 12:00:00',22719,18.4,'''"14.5"''','''"63"''','''"11.2"'''
'2014-05-03 12:00:00',22719,20,'''"14.8"''','''"54"''','''"10.4"'''
'2014-05-04 12:00:00',22719,21.1,'''"15.6"''','''"53"''','''"11.2"'''
'2014-05-05 12:00:00',22719,18.8,'''"17.6"''','''"88"''','''"16.8"'''
'2014-05-06 12:00:00',22719,21.7,'''"17.9"''','''"67"''','''"15.3"'''
'2014-05-07 12:00:00',22719,20.4,'''"16.6"''','''"66"''','''"13.9"'''
'2014-05-08 12:00:00',22719,20.4,'''"16.8"''','''"68"''','''"14.3"'''
'2014-05-09 12:00:00',22719,17.5,'''"14.4"''','''"70"''','''"12"'''
'2014-05-10 12:00:00',22719,17,'''"13.4"''','''"64"''','''"10.2"'''
'2014-05-11 12:00:00',22719,19,'''"14.3"''','''"57"''','''"10.3"'''
'2014-05-12 12:00:00',22719,17.9,'''"14.4"''','''"66"''','''"11.5"'''
'2014-05-13 12:00:00',22719,18.3,'''"14.5"''','''"64"''','''"11.4"'''
'2014-05-14 12:00:00',22719,15.3,'''"12.7"''','''"72"''','''"10.3"'''
'2014-05-15 12:00:00',22719,16.6,'''"13.5"''','''"69"''','''"10.9"'''
'2014-05-16 12:00:00',22719,14.8,'''"10.9"''','''"59"''','''"6.9"'''
'2014-05-17 12:00:00',22719,16.1,'''"13"''','''"68"''','''"10.2"'''
'2014-05-18 12:00:00',22719,17.6,'''"15.2"''','''"76"''','''"13.3"'''
'2014-05-19 12:00:00',22719,18.6,'''"15.4"''','''"70"''','''"13"'''
'2014-05-20 12:00:00',22719,17.8,'''"15.2"''','''"74"''','''"13.1"'''
'2014-05-21 12:00:00',22719,18.7,'''"16.1"''','''"75"''','''"14.2"'''
'2014-05-22 12:00:00',22719,16.2,'''"12.4"''','''"62"''','''"8.9"'''
'2014-05-23 12:00:00',22719,17.2,'''"14.6"''','''"74"''','''"12.5"'''
'2014-05-24 12:00:00',22719,19.4,'''"16.6"''','''"74"''','''"14.7"'''
'2014-05-25 12:00:00',22719,18.9,'''"16.2"''','''"74"''','''"14.2"'''
'2014-05-26 12:00:00',22719,14.4,'''"10.5"''','''"58"''','''"6.3"'''
'2014-05-27 12:00:00',22719,12.1,'''"7"''','''"42"''','''"-0.4"'''
'2014-05-28 12:00:00',22719,13.1,'''"9.4"''','''"59"''','''"5.3"'''
'2014-05-29 12:00:00',22719,16.2,'''"13.6"''','''"73"''','''"11.4"'''
'2014-05-30 12:00:00',22719,16.6,'''"14.5"''','''"78"''','''"12.8"'''
'2014-05-31 12:00:00',22719,14.8,'''"11"''','''"60"''','''"7.1"'''
'2014-06-01 12:00:00',22719,14,'''"10.8"''','''"65"''','''"7.5"'''
'2014-06-02 12:00:00',22719,12.2,'''"10.6"''','''"81"''','''"9.1"'''
'2014-06-03 12:00:00',22719,16.7,'''"13.8"''','''"71"''','''"11.4"'''
'2014-06-04 12:00:00',22719,17.1,'''"13.1"''','''"61"''','''"9.5"'''
'2014-06-05 12:00:00',22719,15.6,'''"12.9"''','''"72"''','''"10.6"'''
'2014-06-06 12:00:00',22719,15.6,'''"14.1"''','''"84"''','''"12.9"'''
'2014-06-07 12:00:00',22719,18.1,'''"14"''','''"61"''','''"10.5"'''
'2014-06-08 12:00:00',22719,17.1,'''"15.1"''','''"80"''','''"13.6"'''
'2014-06-09 12:00:00',22719,18,'''"16.2"''','''"82"''','''"14.9"'''
'2014-06-10 12:00:00',22719,13.9,'''"13"''','''"90"''','''"12.3"'''
'2014-06-11 12:00:00',22719,17.4,'''"15"''','''"76"''','''"13.1"'''
'2014-06-12 12:00:00',22719,16.5,'''"13.5"''','''"70"''','''"11"'''
'2014-06-13 12:00:00',22719,15.8,'''"11.8"''','''"59"''','''"7.8"'''
'2014-06-14 12:00:00',22719,14.2,'''"11.3"''','''"68"''','''"8.4"'''
'2014-06-15 12:00:00',22719,14.9,'''"13.3"''','''"83"''','''"12"'''
'2014-06-16 12:00:00',22719,16.4,'''"13.6"''','''"71"''','''"11.1"'''
'2014-06-17 12:00:00',22719,17,'''"15.3"''','''"83"''','''"14.1"'''
'2014-06-18 12:00:00',22719,17,'''"14.1"''','''"71"''','''"11.7"'''
'2014-06-19 12:00:00',22719,13.9,'''"12.8"''','''"87"''','''"11.8"'''
'2014-06-20 12:00:00',22719,14.7,'''"11.6"''','''"67"''','''"8.7"'''
'2014-06-21 12:00:00',22719,15.9,'''"12.4"''','''"64"''','''"9.1"'''
'2014-06-22 12:00:00',22719,17.4,'''"15.8"''','''"84"''','''"14.7"'''
'2014-06-23 12:00:00',22719,13.2,'''"12"''','''"86"''','''"10.9"'''
'2014-06-24 12:00:00',22719,17.2,'''"13.2"''','''"61"''','''"9.6"'''
'2014-06-25 12:00:00',22719,16.9,'''"14.7"''','''"78"''','''"13"'''
'2014-06-26 12:00:00',22719,17.5,'''"16.4"''','''"89"''','''"15.7"'''
'2014-06-27 12:00:00',22719,14.6,'''"13.5"''','''"88"''','''"12.6"'''
'2014-06-28 12:00:00',22719,14.7,'''"12.1"''','''"72"''','''"9.7"'''
'2014-06-29 12:00:00',22719,16,'''"12.5"''','''"64"''','''"9.2"'''
'2014-06-30 12:00:00',22719,15.4,'''"14.3"''','''"88"''','''"13.4"'''
'2014-07-01 12:00:00',22719,14,'''"12.9"''','''"87"''','''"11.9"'''
'2014-07-02 12:00:00',22719,10.9,'''"9.7"''','''"85"''','''"8.5"'''
'2014-07-03 12:00:00',22719,13.1,'''"10.3"''','''"68"''','''"7.3"'''
'2014-07-04 12:00:00',22719,11.8,'''"9.6"''','''"74"''','''"7.3"'''
'2014-07-05 12:00:00',22719,16.3,'''"13.4"''','''"70"''','''"10.8"'''
'2014-07-06 12:00:00',22719,16,'''"11.5"''','''"55"''','''"7"'''
'2014-07-07 12:00:00',22719,13.7,'''"12.2"''','''"83"''','''"10.9"'''
'2014-07-08 12:00:00',22719,13.8,'''"10.8"''','''"67"''','''"7.8"'''
'2014-07-09 12:00:00',22719,13.8,'''"11.7"''','''"76"''','''"9.7"'''
'2014-07-10 12:00:00',22719,14.2,'''"13"''','''"87"''','''"12.1"'''
'2014-07-11 12:00:00',22719,16,'''"12.7"''','''"66"''','''"9.7"'''
'2014-07-12 12:00:00',22719,12.8,'''"12.3"''','''"94"''','''"11.9"'''
'2014-07-13 12:00:00',22719,15,'''"13.5"''','''"84"''','''"12.3"'''
'2014-07-14 12:00:00',22719,9.7,'''"9.5"''','''"97"''','''"9.3"'''
'2014-07-15 12:00:00',22719,13.4,'''"10.6"''','''"68"''','''"7.6"'''
'2014-07-16 12:00:00',22719,11.9,'''"8"''','''"55"''','''"3.2"'''
'2014-07-17 12:00:00',22719,11,'''"7.3"''','''"55"''','''"2.3"'''
'2014-07-18 12:00:00',22719,10.4,'''"7.6"''','''"65"''','''"4.1"'''
'2014-07-19 12:00:00',22719,9.7,'''"8.2"''','''"80"''','''"6.4"'''
'2014-07-20 12:00:00',22719,13.5,'''"10.8"''','''"70"''','''"8.2"'''
'2014-07-21 12:00:00',22719,14.6,'''"11.5"''','''"67"''','''"8.6"'''
'2014-07-22 12:00:00',22719,8.9,'''"7"''','''"75"''','''"4.7"'''
'2014-07-23 12:00:00',22719,14,'''"10.2"''','''"59"''','''"6.1"'''
'2014-07-24 12:00:00',22719,11.6,'''"10.5"''','''"87"''','''"9.5"'''
'2014-07-25 12:00:00',22719,13.6,'''"11.3"''','''"74"''','''"9.1"'''
'2014-07-26 12:00:00',22719,14.8,'''"10.4"''','''"54"''','''"5.6"'''
'2014-07-27 12:00:00',22719,14,'''"11.7"''','''"74"''','''"9.5"'''
'2014-07-28 12:00:00',22719,12,'''"9.5"''','''"70"''','''"6.7"'''
'2014-07-29 12:00:00',22719,15.9,'''"12.1"''','''"61"''','''"8.4"'''
'2014-07-30 12:00:00',22719,16.5,'''"14"''','''"74"''','''"11.9"'''
'2014-07-31 12:00:00',22719,17.4,'''"14.9"''','''"75"''','''"12.9"'''
'2014-08-01 12:00:00',22719,16.6,'''"14.6"''','''"79"''','''"12.9"'''
'2014-08-02 12:00:00',22719,18.6,'''"16.5"''','''"80"''','''"15.1"'''
'2014-08-03 12:00:00',22719,12.6,'''"12"''','''"93"''','''"11.5"'''
'2014-08-04 12:00:00',22719,14.9,'''"11.8"''','''"67"''','''"8.9"'''
'2014-08-05 12:00:00',22719,14.1,'''"10.9"''','''"65"''','''"7.6"'''
'2014-08-06 12:00:00',22719,14.2,'''"12.2"''','''"78"''','''"10.4"'''
'2014-08-07 12:00:00',22719,13.8,'''"11.2"''','''"71"''','''"8.6"'''
'2014-08-08 12:00:00',22719,13.8,'''"10.4"''','''"63"''','''"6.9"'''
'2014-08-09 12:00:00',22719,12.1,'''"7.4"''','''"46"''','''"0.9"'''
'2014-08-10 12:00:00',22719,15.4,'''"10.9"''','''"54"''','''"6.2"'''
'2014-08-11 12:00:00',22719,15.2,'''"11"''','''"56"''','''"6.5"'''
'2014-08-12 12:00:00',22719,14.3,'''"11.5"''','''"69"''','''"8.7"'''
'2014-08-13 12:00:00',22719,13,'''"10.1"''','''"67"''','''"7"'''
'2014-08-14 12:00:00',22719,11,'''"9.4"''','''"80"''','''"7.7"'''
'2014-08-15 12:00:00',22719,13.9,'''"10.3"''','''"61"''','''"6.5"'''
'2014-08-16 12:00:00',22719,14.4,'''"11.7"''','''"71"''','''"9.2"'''
'2014-08-17 12:00:00',22719,15.4,'''"11.6"''','''"61"''','''"7.9"'''
'2014-08-18 12:00:00',22719,15,'''"11.7"''','''"65"''','''"8.5"'''
'2014-08-19 12:00:00',22719,14.3,'''"12.6"''','''"81"''','''"11.1"'''
'2014-08-20 12:00:00',22719,15.5,'''"14"''','''"84"''','''"12.8"'''
'2014-08-21 12:00:00',22719,14.9,'''"12.2"''','''"71"''','''"9.7"'''
'2014-08-22 12:00:00',22719,11.4,'''"7.1"''','''"49"''','''"1.1"'''
'2014-08-23 12:00:00',22719,14,'''"10.7"''','''"64"''','''"7.3"'''
'2014-08-24 12:00:00',22719,14.8,'''"11.7"''','''"67"''','''"8.8"'''
'2014-08-25 12:00:00',22719,14,'''"11.1"''','''"68"''','''"8.2"'''
'2014-08-26 12:00:00',22719,14.8,'''"10.3"''','''"53"''','''"5.3"'''
'2014-08-27 12:00:00',22719,13.6,'''"10.4"''','''"64"''','''"6.9"'''
'2014-08-28 12:00:00',22719,15.2,'''"10.7"''','''"54"''','''"6"'''
'2014-08-29 12:00:00',22719,16,'''"11.6"''','''"56"''','''"7.3"'''
'2014-08-30 12:00:00',22719,14.4,'''"11.8"''','''"72"''','''"9.4"'''
'2014-08-31 12:00:00',22719,13,'''"11.4"''','''"81"''','''"9.8"'''
'2014-09-01 12:00:00',22719,10.8,'''"10.2"''','''"92"''','''"9.6"'''
'2014-09-02 12:00:00',22719,17.2,'''"13.9"''','''"67"''','''"11"'''
'2014-09-03 12:00:00',22719,16.2,'''"13.7"''','''"74"''','''"11.6"'''
'2014-09-04 12:00:00',22719,16.7,'''"13.7"''','''"70"''','''"11.2"'''
'2014-09-05 12:00:00',22719,18,'''"15.8"''','''"78"''','''"14.1"'''
'2014-09-06 12:00:00',22719,17,'''"14.3"''','''"73"''','''"12.1"'''
'2014-09-07 12:00:00',22719,17.7,'''"12.5"''','''"51"''','''"7.5"'''
'2014-09-08 12:00:00',22719,15.4,'''"13"''','''"75"''','''"11"'''
'2014-09-09 12:00:00',22719,17.1,'''"12.6"''','''"56"''','''"8.3"'''
'2014-09-10 12:00:00',22719,15.5,'''"11.8"''','''"62"''','''"8.3"'''
'2014-09-11 12:00:00',22719,16.7,'''"13.1"''','''"64"''','''"9.9"'''
'2014-09-12 12:00:00',22719,15.1,'''"14.5"''','''"93"''','''"14"'''
'2014-09-13 12:00:00',22719,16.6,'''"15.5"''','''"88"''','''"14.6"'''
'2014-09-14 12:00:00',22719,15.2,'''"13"''','''"76"''','''"11"'''
'2014-09-15 12:00:00',22719,16.7,'''"13.7"''','''"70"''','''"11.2"'''
'2014-09-16 12:00:00',22719,18,'''"15.4"''','''"75"''','''"13.5"'''
'2014-09-17 12:00:00',22719,15.9,'''"12.2"''','''"62"''','''"8.6"'''
'2014-09-18 12:00:00',22719,13.4,'''"12.1"''','''"85"''','''"10.9"'''
'2014-09-19 12:00:00',22719,18,'''"14.9"''','''"70"''','''"12.5"'''
'2014-09-20 12:00:00',22719,15.9,'''"12.1"''','''"61"''','''"8.4"'''
'2014-09-21 12:00:00',22719,12.8,'''"10.9"''','''"78"''','''"9.1"'''
'2014-09-22 12:00:00',22719,10.6,'''"9.4"''','''"85"''','''"8.2"'''
'2014-09-23 12:00:00',22719,15,'''"12"''','''"68"''','''"9.2"'''
'2014-09-24 12:00:00',22719,15.6,'''"13.2"''','''"75"''','''"11.2"'''
'2014-09-25 12:00:00',22719,15.5,'''"12.3"''','''"67"''','''"9.4"'''
'2014-09-26 12:00:00',22719,17.2,'''"13"''','''"59"''','''"9.1"'''
'2014-09-27 12:00:00',22719,17.1,'''"12.2"''','''"53"''','''"7.5"'''
'2014-09-28 12:00:00',22719,17.2,'''"14.6"''','''"74"''','''"12.5"'''
'2014-09-29 12:00:00',22719,17.9,'''"13.2"''','''"56"''','''"9"'''
'2014-09-30 12:00:00',22719,17.4,'''"13.2"''','''"59"''','''"9.3"'''
'2014-10-01 12:00:00',22719,17.9,'''"12.8"''','''"52"''','''"7.9"'''
'2014-10-02 12:00:00',22719,16.4,'''"12.7"''','''"63"''','''"9.4"'''
'2014-10-03 12:00:00',22719,15,'''"13.1"''','''"79"''','''"11.4"'''
'2014-10-04 12:00:00',22719,13,'''"10.3"''','''"69"''','''"7.5"'''
'2014-10-05 12:00:00',22719,16,'''"13.3"''','''"72"''','''"11"'''
'2014-10-06 12:00:00',22719,15.1,'''"14"''','''"88"''','''"13.1"'''
'2014-10-07 12:00:00',22719,15.1,'''"11.3"''','''"60"''','''"7.4"'''
'2014-10-08 12:00:00',22719,15.6,'''"13.9"''','''"82"''','''"12.6"'''
'2014-10-09 12:00:00',22719,15.8,'''"13.2"''','''"73"''','''"11"'''
'2014-10-10 12:00:00',22719,16.6,'''"12.9"''','''"63"''','''"9.5"'''
'2014-10-11 12:00:00',22719,18.2,'''"13.5"''','''"56"''','''"9.3"'''
'2014-10-12 12:00:00',22719,16.4,'''"13"''','''"66"''','''"10"'''
'2014-10-13 12:00:00',22719,19.1,'''"14.6"''','''"59"''','''"10.9"'''
'2014-10-14 12:00:00',22719,18.9,'''"15.4"''','''"67"''','''"12.7"'''
'2014-10-15 12:00:00',22719,18.8,'''"15.7"''','''"71"''','''"13.4"'''
'2014-10-16 12:00:00',22719,19.3,'''"15.4"''','''"64"''','''"12.3"'''
'2014-10-17 12:00:00',22719,19.3,'''"15.3"''','''"63"''','''"12.1"'''
'2014-10-18 12:00:00',22719,17.5,'''"16.1"''','''"86"''','''"15.2"'''
'2014-10-19 12:00:00',22719,17.7,'''"14.2"''','''"66"''','''"11.3"'''
'2014-10-20 12:00:00',22719,17.2,'''"13.7"''','''"66"''','''"10.8"'''
'2014-10-21 12:00:00',22719,18.7,'''"15"''','''"65"''','''"12"'''
'2014-10-22 12:00:00',22719,19.3,'''"15.1"''','''"62"''','''"11.8"'''
'2014-10-23 12:00:00',22719,18.2,'''"15.2"''','''"71"''','''"12.9"'''
'2014-10-24 12:00:00',22719,17.3,'''"14.3"''','''"70"''','''"11.8"'''
'2014-10-25 12:00:00',22719,15,'''"9.5"''','''"44"''','''"2.9"'''
'2014-10-26 12:00:00',22719,16.2,'''"12.3"''','''"61"''','''"8.7"'''
'2014-10-27 12:00:00',22719,16.7,'''"13.4"''','''"67"''','''"10.6"'''
'2014-10-28 12:00:00',22719,18.2,'''"17.3"''','''"91"''','''"16.7"'''
'2014-10-29 12:00:00',22719,15.6,'''"15.1"''','''"94"''','''"14.6"'''
'2014-10-30 12:00:00',22719,17.4,'''"14"''','''"67"''','''"11.2"'''
'2014-10-31 12:00:00',22719,18.4,'''"15.3"''','''"70"''','''"12.9"'''
'2014-11-01 12:00:00',22719,19.2,'''"15.4"''','''"65"''','''"12.5"'''
'2014-11-02 12:00:00',22719,18.6,'''"16.2"''','''"77"''','''"14.5"'''
'2014-11-03 12:00:00',22719,16.2,'''"14.3"''','''"80"''','''"12.8"'''
'2014-11-04 12:00:00',22719,17,'''"13.4"''','''"64"''','''"10.2"'''
'2014-11-05 12:00:00',22719,16.3,'''"12.7"''','''"64"''','''"9.5"'''
'2014-11-06 12:00:00',22719,14.7,'''"11.5"''','''"66"''','''"8.4"'''
'2014-11-07 12:00:00',22719,16.7,'''"13.4"''','''"67"''','''"10.6"'''
'2014-11-08 12:00:00',22719,17.2,'''"12.9"''','''"58"''','''"8.9"'''
'2014-11-09 12:00:00',22719,18.6,'''"15"''','''"66"''','''"12.1"'''
'2014-11-10 12:00:00',22719,19.3,'''"15.1"''','''"62"''','''"11.8"'''
'2014-11-11 12:00:00',22719,19.1,'''"15.7"''','''"68"''','''"13.1"'''
'2014-11-12 12:00:00',22719,16.1,'''"12.1"''','''"60"''','''"8.4"'''
'2014-11-13 12:00:00',22719,13.9,'''"11.2"''','''"70"''','''"8.5"'''
'2014-11-14 12:00:00',22719,17.2,'''"14.4"''','''"72"''','''"12.1"'''
'2014-11-15 12:00:00',22719,16.5,'''"14.8"''','''"82"''','''"13.4"'''
'2014-11-16 12:00:00',22719,18.4,'''"14.7"''','''"65"''','''"11.7"'''
'2014-11-17 12:00:00',22719,15.4,'''"14.7"''','''"92"''','''"14.1"'''
'2014-11-18 12:00:00',22719,19.4,'''"16.3"''','''"71"''','''"14"'''
'2014-11-19 12:00:00',22719,20.5,'''"15.3"''','''"55"''','''"11.2"'''
'2014-11-20 12:00:00',22719,17.1,'''"13.1"''','''"61"''','''"9.5"'''
'2014-11-21 12:00:00',22719,18.6,'''"14.8"''','''"64"''','''"11.7"'''
'2014-11-22 12:00:00',22719,19.9,'''"17.2"''','''"75"''','''"15.4"'''
'2014-11-23 12:00:00',22719,19.3,'''"14.6"''','''"57"''','''"10.6"'''
'2014-11-24 12:00:00',22719,19.6,'''"17.8"''','''"83"''','''"16.6"'''
'2014-11-25 12:00:00',22719,21.6,'''"18.9"''','''"76"''','''"17.2"'''
'2014-11-26 12:00:00',22719,17.8,'''"16.2"''','''"84"''','''"15.1"'''
'2014-11-27 12:00:00',22719,19.7,'''"15.4"''','''"61"''','''"12"'''
'2014-11-28 12:00:00',22719,19.9,'''"15.4"''','''"60"''','''"11.9"'''
'2014-11-29 12:00:00',22719,17.9,'''"13.9"''','''"62"''','''"10.5"'''
'2014-11-30 12:00:00',22719,20.4,'''"15.1"''','''"54"''','''"10.8"'''
'2014-12-01 12:00:00',22719,17.2,'''"13.3"''','''"62"''','''"9.9"'''
'2014-12-02 12:00:00',22719,17.6,'''"11.2"''','''"41"''','''"4.2"'''
'2014-12-03 12:00:00',22719,18.2,'''"14.5"''','''"65"''','''"11.5"'''
'2014-12-04 12:00:00',22719,18.8,'''"14.6"''','''"61"''','''"11.1"'''
'2014-12-05 12:00:00',22719,20.4,'''"17.3"''','''"72"''','''"15.2"'''
'2014-12-06 12:00:00',22719,21.8,'''"17.3"''','''"62"''','''"14.2"'''
'2014-12-07 12:00:00',22719,20.4,'''"17.3"''','''"72"''','''"15.2"'''
'2014-12-08 12:00:00',22719,22.6,'''"19.1"''','''"70"''','''"16.9"'''
'2014-12-09 12:00:00',22719,22.1,'''"19"''','''"73"''','''"17"'''
'2014-12-10 12:00:00',22719,22.2,'''"17.8"''','''"63"''','''"14.8"'''
'2014-12-11 12:00:00',22719,21.9,'''"19.6"''','''"80"''','''"18.3"'''
'2014-12-12 12:00:00',22719,18.1,'''"15.2"''','''"72"''','''"13"'''
'2014-12-13 12:00:00',22719,18.8,'''"14.5"''','''"60"''','''"10.9"'''
'2014-12-14 12:00:00',22719,17.3,'''"15.5"''','''"82"''','''"14.2"'''
'2014-12-15 12:00:00',22719,18.3,'''"14.4"''','''"63"''','''"11.1"'''
'2014-12-16 12:00:00',22719,17.9,'''"14.8"''','''"70"''','''"12.4"'''
'2014-12-17 12:00:00',22719,18.6,'''"18.2"''','''"96"''','''"18"'''
'2014-12-18 12:00:00',22719,21.4,'''"18.7"''','''"76"''','''"17"'''
'2014-12-19 12:00:00',22719,25.7,'''"20.2"''','''"58"''','''"16.8"'''
'2014-12-20 12:00:00',22719,21.1,'''"20"''','''"90"''','''"19.4"'''
'2014-12-21 12:00:00',22719,23.7,'''"20.1"''','''"70"''','''"17.9"'''
'2014-12-22 12:00:00',22719,21.7,'''"17.6"''','''"65"''','''"14.9"'''
'2014-12-23 12:00:00',22719,24.9,'''"17.2"''','''"43"''','''"11.5"'''
'2014-12-24 12:00:00',22719,21.3,'''"17.1"''','''"64"''','''"14.2"'''
'2014-12-25 12:00:00',22719,22.2,'''"16.5"''','''"53"''','''"12.2"'''
'2014-12-26 12:00:00',22719,23.2,'''"17.3"''','''"53"''','''"13.1"'''
'2014-12-27 12:00:00',22719,23,'''"17.3"''','''"54"''','''"13.2"'''
'2014-12-28 12:00:00',22719,23.9,'''"18.8"''','''"59"''','''"15.4"'''
'2014-12-29 12:00:00',22719,24.2,'''"18"''','''"52"''','''"13.7"'''
'2014-12-30 12:00:00',22719,22.9,'''"16.5"''','''"49"''','''"11.6"'''
'2014-12-31 12:00:00',22719,21,'''"17.6"''','''"70"''','''"15.3"'''
'2015-01-01 12:00:00',22719,21.4,'''"15.4"''','''"50"''','''"10.6"'''
'2015-01-02 12:00:00',22719,22.8,'''"18.6"''','''"65"''','''"15.9"'''
'2015-01-03 12:00:00',22719,21.1,'''"17.6"''','''"69"''','''"15.2"'''
'2015-01-04 12:00:00',22719,25.6,'''"18.7"''','''"49"''','''"14.1"'''
'2015-01-05 12:00:00',22719,23.4,'''"19.5"''','''"68"''','''"17.2"'''
'2015-01-06 12:00:00',22719,22.7,'''"18.2"''','''"63"''','''"15.3"'''
'2015-01-07 12:00:00',22719,23.9,'''"20.1"''','''"69"''','''"17.9"'''
'2015-01-08 12:00:00',22719,23.6,'''"19.3"''','''"65"''','''"16.7"'''
'2015-01-09 12:00:00',22719,23.3,'''"18.4"''','''"60"''','''"15.1"'''
'2015-01-10 12:00:00',22719,24,'''"19.5"''','''"64"''','''"16.8"'''
'2015-01-11 12:00:00',22719,23.6,'''"18.4"''','''"58"''','''"14.9"'''
'2015-01-12 12:00:00',22719,24.2,'''"19.3"''','''"61"''','''"16.2"'''
'2015-01-13 12:00:00',22719,23.5,'''"19.1"''','''"64"''','''"16.3"'''
'2015-01-14 12:00:00',22719,23.2,'''"17.9"''','''"57"''','''"14.2"'''
'2015-01-15 12:00:00',22719,25.1,'''"18.9"''','''"53"''','''"14.9"'''
'2015-01-16 12:00:00',22719,25.4,'''"18.1"''','''"46"''','''"13"'''
'2015-01-17 12:00:00',22719,25.3,'''"20.5"''','''"63"''','''"17.8"'''
'2015-01-18 12:00:00',22719,23.9,'''"19.2"''','''"62"''','''"16.2"'''
'2015-01-19 12:00:00',22719,25.6,'''"19.2"''','''"52"''','''"15"'''
'2015-01-20 12:00:00',22719,23.7,'''"19.8"''','''"68"''','''"17.4"'''
'2015-01-21 12:00:00',22719,22.5,'''"16.3"''','''"50"''','''"11.6"'''
'2015-01-22 12:00:00',22719,24,'''"18.3"''','''"55"''','''"14.4"'''
'2015-01-23 12:00:00',22719,23.7,'''"17.7"''','''"53"''','''"13.6"'''
'2015-01-24 12:00:00',22719,25.5,'''"20.3"''','''"60"''','''"17.2"'''
'2015-01-25 12:00:00',22719,26.2,'''"20"''','''"54"''','''"16.2"'''
'2015-01-26 12:00:00',22719,24.2,'''"17.6"''','''"49"''','''"12.8"'''
'2015-01-27 12:00:00',22719,25.5,'''"17.7"''','''"43"''','''"12"'''
'2015-01-28 12:00:00',22719,24.9,'''"18.7"''','''"53"''','''"14.7"'''
'2015-01-29 12:00:00',22719,26.1,'''"19.6"''','''"52"''','''"15.5"'''
'2015-01-30 12:00:00',22719,26.2,'''"20.6"''','''"58"''','''"17.3"'''
'2015-01-31 12:00:00',22719,22.7,'''"20.3"''','''"79"''','''"18.9"'''
'2015-02-01 12:00:00',22719,22.6,'''"19.8"''','''"76"''','''"18.2"'''
'2015-02-02 12:00:00',22719,26.4,'''"21.9"''','''"66"''','''"19.5"'''
'2015-02-03 12:00:00',22719,24.5,'''"20.2"''','''"66"''','''"17.7"'''
'2015-02-04 12:00:00',22719,19.3,'''"17.4"''','''"82"''','''"16.2"'''
'2015-02-05 12:00:00',22719,21.8,'''"17.2"''','''"61"''','''"14"'''
'2015-02-06 12:00:00',22719,20.6,'''"15.7"''','''"57"''','''"11.8"'''
'2015-02-07 12:00:00',22719,20.6,'''"15.3"''','''"54"''','''"11"'''
'2015-02-08 12:00:00',22719,21.3,'''"17.6"''','''"68"''','''"15.2"'''
'2015-02-09 12:00:00',22719,22.8,'''"18.9"''','''"67"''','''"16.4"'''
'2015-02-10 12:00:00',22719,22.6,'''"18.8"''','''"68"''','''"16.4"'''
'2015-02-11 12:00:00',22719,22.9,'''"16"''','''"45"''','''"10.4"'''
'2015-02-12 12:00:00',22719,23.4,'''"15.5"''','''"39"''','''"8.7"'''
'2015-02-13 12:00:00',22719,23.6,'''"17.9"''','''"55"''','''"14.1"'''
'2015-02-14 12:00:00',22719,23.7,'''"18.2"''','''"56"''','''"14.4"'''
'2015-02-15 12:00:00',22719,24,'''"17.6"''','''"50"''','''"13"'''
'2015-02-16 12:00:00',22719,24.2,'''"18.6"''','''"56"''','''"14.9"'''
'2015-02-17 12:00:00',22719,25.4,'''"17.8"''','''"44"''','''"12.3"'''
'2015-02-18 12:00:00',22719,24.7,'''"19.4"''','''"59"''','''"16.2"'''
'2015-02-19 12:00:00',22719,23.6,'''"17.8"''','''"54"''','''"13.8"'''
'2015-02-20 12:00:00',22719,23.6,'''"18.6"''','''"60"''','''"15.4"'''
'2015-02-21 12:00:00',22719,23.4,'''"18.6"''','''"61"''','''"15.5"'''
'2015-02-22 12:00:00',22719,20.6,'''"18.5"''','''"81"''','''"17.2"'''
'2015-02-23 12:00:00',22719,20.3,'''"17.6"''','''"75"''','''"15.7"'''
'2015-02-24 12:00:00',22719,23.1,'''"17.7"''','''"56"''','''"13.9"'''
'2015-02-25 12:00:00',22719,24.4,'''"19.2"''','''"59"''','''"15.9"'''
'2015-02-26 12:00:00',22719,26,'''"19.1"''','''"49"''','''"14.5"'''
'2015-02-27 12:00:00',22719,23.9,'''"19.3"''','''"63"''','''"16.4"'''
'2015-02-28 12:00:00',22719,24.4,'''"18.5"''','''"54"''','''"14.5"'''
'2015-03-01 12:00:00',22719,26.2,'''"19.7"''','''"52"''','''"15.6"'''
'2015-03-02 12:00:00',22719,24.6,'''"18.6"''','''"54"''','''"14.7"'''
'2015-03-03 12:00:00',22719,23.8,'''"18.5"''','''"58"''','''"15"'''
'2015-03-04 12:00:00',22719,25.3,'''"19.1"''','''"53"''','''"15.1"'''
'2015-03-05 12:00:00',22719,23.9,'''"20"''','''"68"''','''"17.6"'''
'2015-03-06 12:00:00',22719,22,'''"20.4"''','''"86"''','''"19.6"'''
'2015-03-07 12:00:00',22719,21.1,'''"18.4"''','''"76"''','''"16.7"'''
'2015-03-08 12:00:00',22719,21.9,'''"18.1"''','''"67"''','''"15.5"'''
'2015-03-09 12:00:00',22719,20.8,'''"16.7"''','''"64"''','''"13.8"'''
'2015-03-10 12:00:00',22719,23.7,'''"18.6"''','''"59"''','''"15.2"'''
'2015-03-11 12:00:00',22719,24.3,'''"19.1"''','''"59"''','''"15.8"'''
'2015-03-12 12:00:00',22719,25.7,'''"19.6"''','''"54"''','''"15.7"'''
'2015-03-13 12:00:00',22719,24.5,'''"19"''','''"57"''','''"15.4"'''
'2015-03-14 12:00:00',22719,25.4,'''"19.2"''','''"53"''','''"15.1"'''
'2015-03-15 12:00:00',22719,21.9,'''"17.3"''','''"61"''','''"14"'''
'2015-03-16 12:00:00',22719,21.9,'''"19.6"''','''"80"''','''"18.3"'''
'2015-03-17 12:00:00',22719,22.8,'''"18.9"''','''"67"''','''"16.4"'''
'2015-03-18 12:00:00',22719,19.7,'''"16.2"''','''"68"''','''"13.6"'''
'2015-03-19 12:00:00',22719,19.7,'''"15"''','''"58"''','''"11.2"'''
'2015-03-20 12:00:00',22719,19.9,'''"16.3"''','''"67"''','''"13.6"'''
'2015-03-21 12:00:00',22719,21.2,'''"15.7"''','''"53"''','''"11.3"'''
'2015-03-22 12:00:00',22719,22.3,'''"16.6"''','''"53"''','''"12.3"'''
'2015-03-23 12:00:00',22719,21.8,'''"15.4"''','''"47"''','''"10"'''
'2015-03-24 12:00:00',22719,21.7,'''"17.1"''','''"61"''','''"13.9"'''
'2015-03-25 12:00:00',22719,23.2,'''"17.9"''','''"57"''','''"14.2"'''
'2015-03-26 12:00:00',22719,23,'''"18.1"''','''"60"''','''"14.8"'''
'2015-03-27 12:00:00',22719,23.3,'''"20.5"''','''"76"''','''"18.8"'''
'2015-03-28 12:00:00',22719,19,'''"18.2"''','''"92"''','''"17.7"'''
'2015-03-29 12:00:00',22719,23.9,'''"20"''','''"68"''','''"17.6"'''
'2015-03-30 12:00:00',22719,22.1,'''"18.7"''','''"71"''','''"16.6"'''
'2015-03-31 12:00:00',22719,21.5,'''"16.9"''','''"61"''','''"13.7"'''
'2015-04-01 12:00:00',22719,22.4,'''"17.5"''','''"59"''','''"14"'''
'2015-04-02 12:00:00',22719,21.6,'''"17.9"''','''"68"''','''"15.5"'''
'2015-04-03 12:00:00',22719,21.6,'''"17"''','''"61"''','''"13.8"'''
'2015-04-04 12:00:00',22719,22.4,'''"18"''','''"63"''','''"15"'''
'2015-04-05 12:00:00',22719,23.2,'''"19.5"''','''"69"''','''"17.2"'''
'2015-04-06 12:00:00',22719,22.7,'''"17.5"''','''"57"''','''"13.8"'''
'2015-04-07 12:00:00',22719,23.6,'''"18.9"''','''"62"''','''"15.9"'''
'2015-04-08 12:00:00',22719,23.1,'''"19.1"''','''"67"''','''"16.7"'''
'2015-04-09 12:00:00',22719,21.3,'''"19.2"''','''"81"''','''"17.9"'''
'2015-04-10 12:00:00',22719,24.3,'''"20.3"''','''"68"''','''"18"'''
'2015-04-11 12:00:00',22719,21.6,'''"18.2"''','''"70"''','''"15.9"'''
'2015-04-12 12:00:00',22719,19.2,'''"15.3"''','''"64"''','''"12.2"'''
'2015-04-13 12:00:00',22719,16.8,'''"15.8"''','''"90"''','''"15.2"'''
'2015-04-14 12:00:00',22719,13.6,'''"10.8"''','''"69"''','''"8"'''
'2015-04-15 12:00:00',22719,17,'''"14"''','''"70"''','''"11.5"'''
'2015-04-16 12:00:00',22719,18.2,'''"13.4"''','''"55"''','''"9"'''
'2015-04-17 12:00:00',22719,19,'''"15.1"''','''"64"''','''"12"'''
'2015-04-18 12:00:00',22719,16.6,'''"15.5"''','''"88"''','''"14.6"'''
'2015-04-19 12:00:00',22719,21.3,'''"16.3"''','''"57"''','''"12.5"'''
'2015-04-20 12:00:00',22719,21,'''"17.1"''','''"66"''','''"14.4"'''
'2015-04-21 12:00:00',22719,21,'''"17.5"''','''"69"''','''"15.1"'''
'2015-04-22 12:00:00',22719,20.3,'''"17.9"''','''"78"''','''"16.3"'''
'2015-04-23 12:00:00',22719,19.3,'''"17.2"''','''"80"''','''"15.8"'''
'2015-04-24 12:00:00',22719,20.4,'''"15.6"''','''"58"''','''"11.9"'''
'2015-04-25 12:00:00',22719,19.1,'''"14.9"''','''"61"''','''"11.4"'''
'2015-04-26 12:00:00',22719,21,'''"15.5"''','''"53"''','''"11.1"'''
'2015-04-27 12:00:00',22719,18.4,'''"17.8"''','''"94"''','''"17.4"'''
'2015-04-28 12:00:00',22719,17,'''"15.8"''','''"88"''','''"15"'''
'2015-04-29 12:00:00',22719,18.4,'''"14.9"''','''"67"''','''"12.2"'''
'2015-04-30 12:00:00',22719,15.3,'''"13.5"''','''"81"''','''"12.1"'''
'2015-05-01 12:00:00',22719,18.3,'''"14.8"''','''"67"''','''"12.1"'''
'2015-05-02 12:00:00',22719,18,'''"14.6"''','''"67"''','''"11.8"'''
'2015-05-03 12:00:00',22719,18.3,'''"13.7"''','''"57"''','''"9.7"'''
'2015-05-04 12:00:00',22719,18.8,'''"14.4"''','''"59"''','''"10.6"'''
'2015-05-05 12:00:00',22719,18.7,'''"16.2"''','''"76"''','''"14.4"'''
'2015-05-06 12:00:00',22719,20.1,'''"16.7"''','''"69"''','''"14.3"'''
'2015-05-07 12:00:00',22719,20.9,'''"18.1"''','''"75"''','''"16.3"'''
'2015-05-08 12:00:00',22719,17,'''"16.3"''','''"93"''','''"15.9"'''
'2015-05-09 12:00:00',22719,18.4,'''"15.9"''','''"76"''','''"14.1"'''
'2015-05-10 12:00:00',22719,19.7,'''"16.1"''','''"67"''','''"13.4"'''
'2015-05-11 12:00:00',22719,19.9,'''"16.3"''','''"67"''','''"13.6"'''
'2015-05-12 12:00:00',22719,17.3,'''"15.8"''','''"85"''','''"14.8"'''
'2015-05-13 12:00:00',22719,19.3,'''"15"''','''"61"''','''"11.6"'''
'2015-05-14 12:00:00',22719,18.3,'''"15.2"''','''"70"''','''"12.8"'''
'2015-05-15 12:00:00',22719,12.7,'''"11.9"''','''"90"''','''"11.1"'''
'2015-05-16 12:00:00',22719,16,'''"11.7"''','''"57"''','''"7.5"'''
'2015-05-17 12:00:00',22719,15.8,'''"13.3"''','''"74"''','''"11.2"'''
'2015-05-18 12:00:00',22719,14.5,'''"13.5"''','''"89"''','''"12.7"'''
'2015-05-19 12:00:00',22719,16.5,'''"14"''','''"74"''','''"11.9"'''
'2015-05-20 12:00:00',22719,16.6,'''"12.7"''','''"61"''','''"9.1"'''
'2015-05-21 12:00:00',22719,17.1,'''"15"''','''"79"''','''"13.4"'''
'2015-05-22 12:00:00',22719,15.8,'''"12.7"''','''"68"''','''"9.9"'''
'2015-05-23 12:00:00',22719,13.3,'''"13.1"''','''"97"''','''"12.8"'''
'2015-05-24 12:00:00',22719,13.2,'''"11.6"''','''"82"''','''"10.2"'''
'2015-05-25 12:00:00',22719,13.8,'''"9.6"''','''"54"''','''"4.7"'''
'2015-05-26 12:00:00',22719,13.9,'''"11.8"''','''"76"''','''"9.8"'''
'2015-05-27 12:00:00',22719,14,'''"11.1"''','''"68"''','''"8.2"'''
'2015-05-28 12:00:00',22719,13.4,'''"10.5"''','''"67"''','''"7.4"'''
'2015-05-29 12:00:00',22719,13.3,'''"10.8"''','''"72"''','''"8.4"'''
'2015-05-30 12:00:00',22719,16.4,'''"12.5"''','''"61"''','''"8.9"'''
'2015-05-31 12:00:00',22719,14.3,'''"13.4"''','''"90"''','''"12.7"'''
'2015-06-01 12:00:00',22719,16.9,'''"14.9"''','''"80"''','''"13.4"'''
'2015-06-02 12:00:00',22719,18,'''"16.4"''','''"84"''','''"15.3"'''
'2015-06-03 12:00:00',22719,15,'''"12.9"''','''"77"''','''"11"'''
'2015-06-04 12:00:00',22719,14.8,'''"13.5"''','''"86"''','''"12.5"'''
'2015-06-05 12:00:00',22719,15.4,'''"14.1"''','''"86"''','''"13.1"'''
'2015-06-06 12:00:00',22719,14,'''"13.6"''','''"95"''','''"13.2"'''
'2015-06-07 12:00:00',22719,13.2,'''"11.8"''','''"84"''','''"10.6"'''
'2015-06-08 12:00:00',22719,14.1,'''"12.1"''','''"78"''','''"10.3"'''
'2015-06-09 12:00:00',22719,15.1,'''"13.4"''','''"82"''','''"12.1"'''
'2015-06-10 12:00:00',22719,16.1,'''"12.8"''','''"66"''','''"9.8"'''
'2015-06-11 12:00:00',22719,16.8,'''"13.7"''','''"69"''','''"11.1"'''
'2015-06-12 12:00:00',22719,15.2,'''"12.4"''','''"70"''','''"9.8"'''
'2015-06-13 12:00:00',22719,15.1,'''"12.2"''','''"69"''','''"9.5"'''
'2015-06-14 12:00:00',22719,15.4,'''"13.2"''','''"77"''','''"11.4"'''
'2015-06-15 12:00:00',22719,14.2,'''"12.1"''','''"77"''','''"10.2"'''
'2015-06-16 12:00:00',22719,12.2,'''"8"''','''"52"''','''"2.7"'''
'2015-06-17 12:00:00',22719,15.1,'''"12.2"''','''"69"''','''"9.5"'''
'2015-06-18 12:00:00',22719,13.6,'''"10.7"''','''"68"''','''"7.8"'''
'2015-06-19 12:00:00',22719,18.1,'''"14.8"''','''"68"''','''"12.1"'''
'2015-06-20 12:00:00',22719,17.1,'''"15.5"''','''"84"''','''"14.4"'''
'2015-06-21 12:00:00',22719,14.3,'''"11.5"''','''"69"''','''"8.7"'''
'2015-06-22 12:00:00',22719,13.2,'''"9.9"''','''"63"''','''"6.3"'''
'2015-06-23 12:00:00',22719,9.4,'''"5.9"''','''"55"''','''"0.8"'''
'2015-06-24 12:00:00',22719,10.6,'''"8.3"''','''"71"''','''"5.6"'''
'2015-06-25 12:00:00',22719,12,'''"9.3"''','''"68"''','''"6.3"'''
'2015-06-26 12:00:00',22719,15.4,'''"13.3"''','''"78"''','''"11.6"'''
'2015-06-27 12:00:00',22719,14.9,'''"11.7"''','''"66"''','''"8.6"'''
'2015-06-28 12:00:00',22719,14.2,'''"12.8"''','''"84"''','''"11.5"'''
'2015-06-29 12:00:00',22719,15.1,'''"12.9"''','''"76"''','''"10.9"'''
'2015-06-30 12:00:00',22719,15,'''"13.1"''','''"79"''','''"11.4"'''
'2015-07-01 12:00:00',22719,14.8,'''"12.4"''','''"74"''','''"10.2"'''
'2015-07-02 12:00:00',22719,14.6,'''"12"''','''"72"''','''"9.6"'''
'2015-07-03 12:00:00',22719,16.1,'''"13.4"''','''"72"''','''"11.1"'''
'2015-07-04 12:00:00',22719,14.2,'''"13.9"''','''"97"''','''"13.7"'''
'2015-07-05 12:00:00',22719,14,'''"11.4"''','''"71"''','''"8.8"'''
'2015-07-06 12:00:00',22719,16.4,'''"13.9"''','''"74"''','''"11.8"'''
'2015-07-07 12:00:00',22719,16,'''"13.9"''','''"78"''','''"12.2"'''
'2015-07-08 12:00:00',22719,10.6,'''"8.9"''','''"78"''','''"6.9"'''
'2015-07-09 12:00:00',22719,9.6,'''"5.8"''','''"52"''','''"0.3"'''
'2015-07-10 12:00:00',22719,9.7,'''"5.2"''','''"44"''','''"-1.9"'''
'2015-07-11 12:00:00',22719,10.4,'''"7.4"''','''"62"''','''"3.5"'''
'2015-07-12 12:00:00',22719,9.7,'''"7.1"''','''"66"''','''"3.7"'''
'2015-07-13 12:00:00',22719,11.6,'''"9.5"''','''"75"''','''"7.3"'''
'2015-07-14 12:00:00',22719,13.4,'''"10.9"''','''"72"''','''"8.5"'''
'2015-07-15 12:00:00',22719,14.2,'''"13"''','''"86"''','''"11.9"'''
'2015-07-16 12:00:00',22719,14.5,'''"13.4"''','''"88"''','''"12.5"'''
'2015-07-17 12:00:00',22719,15,'''"12.5"''','''"73"''','''"10.2"'''
'2015-07-18 12:00:00',22719,11.6,'''"11.3"''','''"96"''','''"11"'''
'2015-07-19 12:00:00',22719,11.6,'''"8.9"''','''"67"''','''"5.7"'''
'2015-07-20 12:00:00',22719,13.3,'''"11.2"''','''"76"''','''"9.2"'''
'2015-07-21 12:00:00',22719,13.8,'''"9.8"''','''"56"''','''"5.2"'''
'2015-07-22 12:00:00',22719,14.3,'''"10.8"''','''"62"''','''"7.1"'''
'2015-07-23 12:00:00',22719,12,'''"11.5"''','''"94"''','''"11.1"'''
'2015-07-24 12:00:00',22719,12.4,'''"11.1"''','''"84"''','''"9.8"'''
'2015-07-25 12:00:00',22719,11.9,'''"10.9"''','''"88"''','''"10"'''
'2015-07-26 12:00:00',22719,14.6,'''"12.2"''','''"74"''','''"10"'''
'2015-07-27 12:00:00',22719,14.4,'''"14.1"''','''"97"''','''"13.9"'''
'2015-07-28 12:00:00',22719,16.1,'''"13.7"''','''"75"''','''"11.7"'''
'2015-07-29 12:00:00',22719,13.6,'''"11.3"''','''"74"''','''"9.1"'''
'2015-07-30 12:00:00',22719,12,'''"7.4"''','''"47"''','''"1.1"'''
'2015-07-31 12:00:00',22719,13.8,'''"11.5"''','''"74"''','''"9.3"'''
'2015-08-01 12:00:00',22719,14.7,'''"12"''','''"71"''','''"9.5"'''
'2015-08-02 12:00:00',22719,14.4,'''"13.5"''','''"90"''','''"12.8"'''
'2015-08-03 12:00:00',22719,17.2,'''"15.1"''','''"79"''','''"13.5"'''
'2015-08-04 12:00:00',22719,16.7,'''"13.7"''','''"70"''','''"11.2"'''
'2015-08-05 12:00:00',22719,12.2,'''"11.9"''','''"96"''','''"11.6"'''
'2015-08-06 12:00:00',22719,16.3,'''"13.7"''','''"73"''','''"11.5"'''
'2015-08-07 12:00:00',22719,12.7,'''"11.2"''','''"82"''','''"9.7"'''
'2015-08-08 12:00:00',22719,13.5,'''"10.3"''','''"64"''','''"6.8"'''
'2015-08-09 12:00:00',22719,9.8,'''"8.2"''','''"79"''','''"6.4"'''
'2015-08-10 12:00:00',22719,10.7,'''"7.8"''','''"64"''','''"4.2"'''
'2015-08-11 12:00:00',22719,9.9,'''"6.9"''','''"62"''','''"3"'''
'2015-08-12 12:00:00',22719,12.1,'''"9.2"''','''"66"''','''"6"'''
'2015-08-13 12:00:00',22719,14.2,'''"10"''','''"55"''','''"5.3"'''
'2015-08-14 12:00:00',22719,12.5,'''"11.9"''','''"93"''','''"11.4"'''
'2015-08-15 12:00:00',22719,13.6,'''"12.1"''','''"83"''','''"10.8"'''
'2015-08-16 12:00:00',22719,14.2,'''"11.8"''','''"74"''','''"9.6"'''
'2015-08-17 12:00:00',22719,13.7,'''"11.5"''','''"75"''','''"9.4"'''
'2015-08-18 12:00:00',22719,14.2,'''"11.2"''','''"67"''','''"8.2"'''
'2015-08-19 12:00:00',22719,12.6,'''"11.9"''','''"92"''','''"11.3"'''
'2015-08-20 12:00:00',22719,12.9,'''"11.6"''','''"85"''','''"10.5"'''
'2015-08-21 12:00:00',22719,13.5,'''"9.2"''','''"53"''','''"4.1"'''
'2015-08-22 12:00:00',22719,13.8,'''"11.1"''','''"70"''','''"8.4"'''
'2015-08-23 12:00:00',22719,16,'''"12.2"''','''"61"''','''"8.5"'''
'2015-08-24 12:00:00',22719,16.6,'''"13.2"''','''"66"''','''"10.2"'''
'2015-08-25 12:00:00',22719,14.1,'''"13"''','''"87"''','''"12"'''
'2015-08-26 12:00:00',22719,14.6,'''"11.3"''','''"65"''','''"8.1"'''
'2015-08-27 12:00:00',22719,15.3,'''"11.3"''','''"59"''','''"7.4"'''
'2015-08-28 12:00:00',22719,15.8,'''"12.5"''','''"66"''','''"9.5"'''
'2015-08-29 12:00:00',22719,14.8,'''"11.1"''','''"61"''','''"7.4"'''
'2015-08-30 12:00:00',22719,15.6,'''"15"''','''"93"''','''"14.5"'''
'2015-08-31 12:00:00',22719,14.5,'''"14.2"''','''"97"''','''"14"'''
'2015-09-01 12:00:00',22719,15.8,'''"15.6"''','''"98"''','''"15.5"'''
'2015-09-02 12:00:00',22719,17.8,'''"14.2"''','''"65"''','''"11.2"'''
'2015-09-03 12:00:00',22719,13.1,'''"11.7"''','''"84"''','''"10.5"'''
'2015-09-04 12:00:00',22719,13.2,'''"10.8"''','''"73"''','''"8.5"'''
'2015-09-05 12:00:00',22719,13.4,'''"11.3"''','''"76"''','''"9.3"'''
'2015-09-06 12:00:00',22719,14,'''"11.5"''','''"72"''','''"9.1"'''
'2015-09-07 12:00:00',22719,14.1,'''"10.7"''','''"63"''','''"7.2"'''
'2015-09-08 12:00:00',22719,15.4,'''"11.7"''','''"62"''','''"8.2"'''
'2015-09-09 12:00:00',22719,14.8,'''"12.5"''','''"75"''','''"10.4"'''
'2015-09-10 12:00:00',22719,14.1,'''"13.4"''','''"92"''','''"12.8"'''
'2015-09-11 12:00:00',22719,12,'''"9.5"''','''"70"''','''"6.7"'''
'2015-09-12 12:00:00',22719,12.4,'''"8.7"''','''"58"''','''"4.4"'''
'2015-09-13 12:00:00',22719,14.6,'''"11.8"''','''"70"''','''"9.2"'''
'2015-09-14 12:00:00',22719,15,'''"13.9"''','''"88"''','''"13"'''
'2015-09-15 12:00:00',22719,13.9,'''"11.5"''','''"73"''','''"9.2"'''
'2015-09-16 12:00:00',22719,14.4,'''"11.6"''','''"70"''','''"9"'''
'2015-09-17 12:00:00',22719,19.2,'''"14.2"''','''"55"''','''"10"'''
'2015-09-18 12:00:00',22719,15.4,'''"14.3"''','''"88"''','''"13.4"'''
'2015-09-19 12:00:00',22719,15.9,'''"12.6"''','''"66"''','''"9.6"'''
'2015-09-20 12:00:00',22719,12.2,'''"10.2"''','''"76"''','''"8.1"'''
'2015-09-21 12:00:00',22719,13.8,'''"10.2"''','''"61"''','''"6.4"'''
'2015-09-22 12:00:00',22719,14.8,'''"11.9"''','''"69"''','''"9.2"'''
'2015-09-23 12:00:00',22719,15.9,'''"12.8"''','''"68"''','''"10"'''
'2015-09-24 12:00:00',22719,16.9,'''"14.5"''','''"76"''','''"12.7"'''
'2015-09-25 12:00:00',22719,17.2,'''"12.4"''','''"54"''','''"7.8"'''
'2015-09-26 12:00:00',22719,17.3,'''"11.6"''','''"46"''','''"5.6"'''
'2015-09-27 12:00:00',22719,17.1,'''"12.2"''','''"53"''','''"7.5"'''
'2015-09-28 12:00:00',22719,14.3,'''"11.6"''','''"70"''','''"8.9"'''
'2015-09-29 12:00:00',22719,16.9,'''"12.8"''','''"60"''','''"9.1"'''
'2015-09-30 12:00:00',22719,16.6,'''"12.8"''','''"62"''','''"9.3"'''
'2015-10-01 12:00:00',22719,18.5,'''"13.3"''','''"52"''','''"8.5"'''
'2015-10-02 12:00:00',22719,18.1,'''"15.9"''','''"78"''','''"14.2"'''
'2015-10-03 12:00:00',22719,16.1,'''"13.5"''','''"73"''','''"11.3"'''
'2015-10-04 12:00:00',22719,17.5,'''"14.7"''','''"72"''','''"12.4"'''
'2015-10-05 12:00:00',22719,16.6,'''"12.7"''','''"61"''','''"9.1"'''
'2015-10-06 12:00:00',22719,16.7,'''"12.8"''','''"61"''','''"9.2"'''
'2015-10-07 12:00:00',22719,17.2,'''"13.9"''','''"67"''','''"11"'''
'2015-10-08 12:00:00',22719,16.2,'''"13"''','''"67"''','''"10.1"'''
'2015-10-09 12:00:00',22719,16.3,'''"10.8"''','''"46"''','''"4.7"'''
'2015-10-10 12:00:00',22719,14.9,'''"12.3"''','''"72"''','''"9.9"'''
'2015-10-11 12:00:00',22719,16.3,'''"13.2"''','''"68"''','''"10.4"'''
'2015-10-12 12:00:00',22719,17.8,'''"14.9"''','''"72"''','''"12.7"'''
'2015-10-13 12:00:00',22719,19.7,'''"16.2"''','''"68"''','''"13.6"'''
'2015-10-14 12:00:00',22719,16.1,'''"13"''','''"68"''','''"10.2"'''
'2015-10-15 12:00:00',22719,16.4,'''"13"''','''"66"''','''"10"'''
'2015-10-16 12:00:00',22719,14.9,'''"12.6"''','''"75"''','''"10.5"'''
'2015-10-17 12:00:00',22719,14.4,'''"12.8"''','''"82"''','''"11.4"'''
'2015-10-18 12:00:00',22719,17.2,'''"14.2"''','''"70"''','''"11.7"'''
'2015-10-19 12:00:00',22719,16.6,'''"12.8"''','''"62"''','''"9.3"'''
'2015-10-20 12:00:00',22719,14.8,'''"11.6"''','''"66"''','''"8.5"'''
'2015-10-21 12:00:00',22719,16.2,'''"14"''','''"77"''','''"12.2"'''
'2015-10-22 12:00:00',22719,18.4,'''"15.9"''','''"76"''','''"14.1"'''
'2015-10-23 12:00:00',22719,20.9,'''"16.5"''','''"62"''','''"13.4"'''
'2015-10-24 12:00:00',22719,13.5,'''"13.1"''','''"95"''','''"12.7"'''
'2015-10-25 12:00:00',22719,16.3,'''"12.7"''','''"64"''','''"9.5"'''
'2015-10-26 12:00:00',22719,18,'''"14"''','''"62"''','''"10.6"'''
'2015-10-27 12:00:00',22719,18,'''"14.7"''','''"68"''','''"12"'''
'2015-10-28 12:00:00',22719,19.2,'''"14.8"''','''"60"''','''"11.3"'''
'2015-10-29 12:00:00',22719,16.8,'''"14.7"''','''"79"''','''"13.1"'''
'2015-10-30 12:00:00',22719,16.3,'''"12.7"''','''"64"''','''"9.5"'''
'2015-10-31 12:00:00',22719,17,'''"14"''','''"70"''','''"11.5"'''
